기업명,기업형태,지역,업종,자본금,매출액,대표자,설립일
케이씨에이,중소기업,서울 서초구,IT컨설팅,,,,
케이씨에이,중견기업,서울 강남구,금속광물 도매업,,,,
케이씨에이,중견기업,서울 영등포구,콜센터 및 텔레마케팅 서비스업,,,,
케이씨에이,중소기업,인천 서구,물류·운송·배송,,,,
케이씨에이,중소기업,서울 마포구,캐피탈·대출,,,,
케이씨에이,중소기업,서울 강서구,응용 소프트웨어 개발 및 공급업,,,,
케이씨에이,중소기업,경기 안양시,"컴퓨터 및 주변장치, 소프트웨어 도매업",,,,
케이씨에이,중소기업,서울 강동구,"체조, 육상 및 체력단련용 장비 제조업",,,,
케이씨에이,중소기업,부산 동구,산업 단체,,,,
하나레미콘,중소기업,충북 충주시,레미콘 제조업,,,,
태조상사,중소기업,경기 광주시,생활용 유리ㆍ요업ㆍ목재ㆍ금속 제품 및 날붙이 도매업,,,,
송파문화원,중소기업,서울 송파구,그 외 기타 협회 및 단체,-,-,김현신,1994.10.18(32년차)
콘텐츠쿡,중소기업,경기 구리시,포털·컨텐츠·커뮤니티,-,-,김국현,2020.04.01(6년차)
코드원,중소기업,경남 창원시,콜센터·아웃소싱·기타,-,100억,서보경,2001.01.01(25년차)
코드원,중소기업,충북 청주시,내부 통신배선 공사업,"6억 6,500만원(2024.12.31)",30억 4천만원(2024.12.31),김정순/동중영,2004.04.21(22년차)
코드원,중소기업,경기 고양시,정보보안,"2억 3,200만원",39억6백만,이관목,2006.08.02(20년차)
코드원,벤처기업,서울 송파구,솔루션·SI·CRM·ERP,"1억 8,000만원",5억,조석홍,2013.08.29(13년차)
코드원,중소기업,충북 청주시,경비 및 경호 서비스업,3억원(2024.12.31),42억 1천만원(2024.12.31),이윤희,2012.04.01(14년차)
코드원,중소기업,서울 금천구,안경 및 렌즈 소매업,-,15억,주혜진,2011.05.02(15년차)
코드원,중소기업,서울 용산구,부동산·중개·임대,-,-,서다애,2014.05.16(12년차)
서진,중견기업,경기 군포시,자동차 차체용 신품 부품 제조업,,,,
서진,중견기업,경기 평택시,자동차 엔진용 신품 부품 제조업,85억 3천만원(2024.12.31),"4,235억 2천만원(2024.12.31)",이문석,1999.10.01(27년차)
서진,벤처기업,충북 청주시,솔루션·SI·CRM·ERP,-,-,김재영,2000(26년차)
서진,중소기업,인천 서구,기체 여과기 제조업,,,,
서진,중견기업,경기 부천시,전기·전자·제어,93억 9천만원,7875억원,전동규,1996.07.15(30년차)
서진,중소기업,경기 김포시,기계·기계설비,,,김혜인,1993.03.11(33년차)
서진,중소기업,인천 연수구,그 외 기타 분류 안된 사업지원 서비스업,"1,000만원(2024.12.31)",47억 8백만원(2024.12.31),박미애,2019.12.10(7년차)
서진,중소기업,경기 안양시,그 외 기타 분류 안된 사업지원 서비스업,"5,000만원(2023.12.31)",89억 6천만원(2023.12.31),김용환,2009.01.10(17년차)
서진,중소기업,서울 관악구,건축물 일반 청소업,5억원(2016.12.31),62억 1천만원(2016.12.31),박해종,1992.01.01(34년차)
한국앱티브,외국계(외국 법인기타),경기 용인시,자동차·조선·철강·항공,,,유재식,1989.02.22(37년차)
씨엔에이치엔지니어링,중소기업,서울 강서구,반도체·디스플레이·광학,-,-,하중조,1999(27년차)
씨엔에이치엔지니어링,중소기업,경기 평택시,그 외 기타 분류 안된 화학제품 제조업,5억원(2024.12.31),288억 2천만원(2024.12.31),김종혁,1984.07.01(42년차)
씨엔에이치엔지니어링,중소기업,경기 수원시,반도체·디스플레이·광학,2억원,50억,이창경,2005.07.15(21년차)
씨엔에이치엔지니어링,중소기업,서울 구로구,쇼핑몰·오픈마켓·소셜커머스,,,이근석,2012.06.25(14년차)
씨엔에이치엔지니어링,중소기업,서울 금천구,배관 및 냉ㆍ난방장치 도매업,2억원(2024.12.31),28억 9천만원(2024.12.31),유경찬,2012.06.21(14년차)
씨엔에이치엔지니어링,중소기업,서울 광진구,면직물 직조업,"1억 1,000만원(2022.12.31)",291억 6백만원(2022.12.31),최윤재,2015.10.06(11년차)
씨엔에이치엔지니어링,중소기업,충북 음성군,화학·에너지·환경,,,김상주,2001.11.04(25년차)
씨엔에이치엔지니어링,중소기업,서울시 영등포구,건축설계 및 관련 서비스업,-,-,최순봉,2000.12.14(26년차)
씨엔에이치엔지니어링,중소기업,경기 성남시,학원·어학원·교육원,-,-,편상범,1998(28년차)
씨엔에이치엔지니어링,중소기업,인천 동구,포장 및 충전업,2억원(2024.12.31),"7억 9,637만원(2024.12.31)",양윤식,2006.04.01(20년차)
백일,중소기업,대구 달성군,섬유·의류·패션,-,-,나용원,2000.08.14(26년차)
백일,중소기업,서울 종로구,백화점·유통·도소매,-,-,백훈,2001.07.10(25년차)
백일,중소기업,서울 서초구,비주거용 건물 개발 및 공급업,"5억 3,000만원(2024.12.31)",111억 9천만원(2024.12.31),김응부,2018.09.19(8년차)
백일,중소기업,서울 강남구,부동산 중개 및 대리업,3억원(2017.12.31),"4억 6,815만원(2017.12.31)",김응부,1999.01.21(27년차)
백일,중소기업,서울 금천구,"철물, 금속 파스너 및 수공구 도매업","5,000만원(2019.12.31)",21억 8천만원(2019.12.31),노수익,1997.08.19(29년차)
백일,중소기업,경기 남양주시,인테리어·자재,500만원,4억,이정욱,2021.08.02(5년차)
백일,중소기업,서울 관악구,부동산·중개·임대,"1억 5,000만원",-,김완수,2023.03.21(3년차)
백일,중소기업,서울 구로구,"컴퓨터 및 주변장치, 소프트웨어 도매업",-,-,여덕산,2022.09.21(4년차)
광일종합건설,중소기업,대전 대덕구,기타 토목시설물 건설업,26억 1천만원(2019.12.31),11억 5천만원(2019.12.31),박재원,1989.11.20(37년차)
광일종합건설,중소기업,경기 용인시,사무.상업용 및 공공기관용 건물 건설업,20억원(2020.12.31),115억 8천만원(2020.12.31),김명환,2002.12.10(24년차)
주원푸드,중소기업,제주 제주시,기타 과실ㆍ채소 가공 및 저장 처리업,3억원(2018.12.31),"4억 6,814만원(2018.12.31)",고경진,2015.10.14(11년차)
주원푸드,중소기업,광주 북구,가금류 가공 및 저장 처리업,1억원(2024.12.31),34억 9천만원(2024.12.31),김종현,2015.03.03(11년차)
주원푸드,중소기업,부산 해운대구,"신선, 냉동 및 기타 수산물 소매업","9,037만원(2021.12.31)",18억 4천만원(2021.12.31),김성규,2002.03.01(24년차)
오제이팜스,중소기업,서울 성동구,기타 산업용 농산물 도매업,"5,000만원(2023.12.31)",49억 9천만원(2023.12.31),오정우,2014.07.01(12년차)
대림,중견기업,서울 영등포구,생활용품·소비재·기타,-,-,강태식,1968.09.20(58년차)
대림,대기업,서울 종로구,무역·상사,526억 3천만원(2024.12.31),2조6천억원,배원복,1994.10.01(32년차)
대림,중견기업,서울 서초구,"수산동물 훈제, 조리 및 유사 조제식품 제조업",458억 4천만원(2024.12.31),"1조 4,066억원(2024.12.31)",김상훈,1964.05.01(62년차)
대림,비영리법인,서울 종로구,박물관 운영업,857억 1천만원(2023.12.31),76억 8천만원(2023.12.31),이해욱,1997.02.01(29년차)
대림,비영리법인,경기 안양시,기타 교육지원 서비스업,817억 6백만원(2016.02.29),616억 8천만원(2016.02.29),남용,2008.05.20(18년차)
대림,중소기업,경기 오산시,그 외 기타 종이 및 판지 제품 제조업,45억원(2024.12.31),"1,662억 6천만원(2024.12.31)",류창승,1984.03.21(42년차)
대림,중견기업,서울 영등포구,기타 옥외 시설물 축조 관련 전문공사업,110억원(2024.12.31),403억 3천만원(2024.12.31),신병규,1996.04.01(30년차)
대림,중소기업,경남 양산시,신발 도매업,,,심건섭,2014.04.01(12년차)
대림,중소기업,부산 서구,식품가공,-,-,이인우,1962(64년차)
대림,중견기업,서울 강남구,렌탈·임대·리스,-,-,강태식,-
부창텍스피아,중소기업,서울 강남구,섬유·의류·패션,-,-,이병윤,2006.08.01(20년차)
디렉터마켓,중소기업,서울 성동구,광고·홍보·전시,1억원,15억,최인봉,2012.01.06(14년차)
상상누리,중소기업,경기 수원시,일반 영화 및 비디오물 제작업,"9,200만원(2020.12.31)","2억 5,893만원(2020.12.31)",정우진,2016.03.01(10년차)
상상누리,중소기업,서울 강서구,공연 기획업,300만원(2022.12.31),"2억 2,238만원(2022.12.31)",노유석,2019.10.22(7년차)
유한팩,중소기업,경기 화성시,플라스틱 필름 제조업,8억원(2024.12.31),498억 4천만원(2024.12.31),진영석,1999.05.01(27년차)
유한팩,중소기업,경기 이천시,건강기능식품 제조업,25억원(2020.12.31),50억 1천만원(2020.12.31),양동엽,2015.07.10(11년차)
와이로지스,중소기업,경기 김포시,주류 도매업,1억원(2022.12.31),75억 5천만원(2022.12.31),정현성/정효성,2018.06.25(8년차)
와이로지스,중소기업,인천 서구,물류·운송·배송,-,-,강운룡,-
와이로지스,중소기업,울산 남구,임시 및 일용 인력 공급업,"5,000만원(2019.12.31)",16억 7천만원(2019.12.31),오규창,2015.06.01(11년차)
와이로지스,중소기업,경기 안성시,기타 보관 및 창고업,"2억 2,600만원(2023.12.31)","7억 7,655만원(2023.12.31)",윤응태,2021.06.30(5년차)
와이로지스,중소기업,경기 안성시,"화물운송 중개, 대리 및 관련 서비스업","5,000만원(2023.12.31)",31억 9천만원(2023.12.31),전이소,2020.05.01(6년차)
와이로지스,중소기업,인천 서구,목재·제지·가구,-,-,이용문,-
와이로지스,중소기업,인천 서구,기타 보관 및 창고업,"4억 1,591만원(2023.12.31)","4억 5,672만원(2023.12.31)",김근찬,2020.07.01(6년차)
공간타라,중소기업,대전 유성구,백화점·유통·도소매,5억원,82억,서영진,2019.07.01(7년차)
공간타라,중소기업,충북 청주시,백화점·유통·도소매,-,-,서영진,-
순수한둠비,중소기업,제주 제주시,한식 일반 음식점업,5억원(2024.12.31),18억 9천만원(2024.12.31),김수열,2018.11.05(8년차)
건축사사무소알엔케이,중소기업,서울 서초구,건축·설비·환경,"2,000만원(2024.12.31)",18억 6천만원(2024.12.31),류재근,2015.03.19(11년차)
새아머스,중소기업,경기 성남시,응용 소프트웨어 개발 및 공급업,"5,000만원(2023.12.31)","2,156만원(2023.12.31)",곽현정,2016.09.08(10년차)
성은건설,중소기업,경기 수원시,배관 및 냉ㆍ난방 공사업,5억원(2022.12.31),56억 2천만원(2022.12.31),김정진,2016.07.25(10년차)
성은건설,중소기업,서울 금천구,시설물 유지관리 공사업,10억원(2022.12.31),52억,권태붕,1991.11.13(35년차)
성은건설,중소기업,충남 논산시,콘크리트 및 철근 공사업,-,-,오순자,2001.06.08(25년차)
성은건설,중소기업,경남 합천군,기타 토목시설물 건설업,"7억 5,000만원(2016.12.31)","1억 8,972만원(2016.12.31)",강대희,2000.10.13(26년차)
성은건설,중소기업,서울 양천구,건설·시공·토목·조경,5억원,13억 9천만원(2024.12.31),정성현,2010.05.13(16년차)
성은건설,중소기업,강원 속초시,지반조성 건설업,5억원(2023.12.31),"8억 1,387만원(2023.12.31)",박지용,2019.04.19(7년차)
성은건설,중소기업,경기도 수원시,배관 및 냉ㆍ난방 공사업,2억원(2024.12.31),12억 4천만원(2024.12.31),최인선,2010.07.20(16년차)
장흥비아이티,중소기업,경기 광명시,전기·전자·제어,3억원,110억,강장호,1994.03.15(32년차)
네이버랩스,대기업,경기 성남시,그 외 기타 정보 서비스업,36억원(2024.12.31),338억 9천만원(2024.12.31),석상옥,2017.01.02(9년차)
타워랜드,중소기업,서울 금천구,건설장비 운영업,"3억 1,000만원(2024.12.31)",304억 8천만원(2024.12.31),안창호,1993.10.01(33년차)
나우테크,중소기업,인천 미추홀구,그 외 기타 전기장비 제조업,18억 9천만원(2024.12.31),577억 4백만원(2024.12.31),정우석,1977.02.01(49년차)
나우테크,중소기업,충북 청주시,내부 통신배선 공사업,"3억 5,000만원(2024.12.31)",41억 1천만원(2024.12.31),문해수/안인경,2009.02.23(17년차)
나우테크,중소기업,경기 안성시,반도체·디스플레이·광학,1억원,8억,오득식,2014(12년차)
나우테크,중소기업,경기 성남시,"컴퓨터 및 주변장치, 소프트웨어 도매업","1억 5,500만원(2024.12.31)","6억 8,018만원(2024.12.31)",신철민,2007.09.18(19년차)
나우테크,중소기업,경북 구미시,반도체·디스플레이·광학,-,-,박종수/탁남수,-
나우테크,중소기업,부산 기장군,금속·재료·자재,-,-,김창식,-
나우테크,중소기업,충북 영동군,컴퓨터 제조업,"5,000만원(2024.12.31)",4억 790만원(2024.12.31),김태준,2018.12.24(8년차)
나우테크,중소기업,서울 종로구,박물관 운영업,-,-,이순심,2006.04.01(20년차)
나우테크,중소기업,제주 제주시,전기ㆍ전자공학 연구개발업,1억원(2024.12.31),"8,142만원(2024.12.31)",남상훈,2019.03.01(7년차)
행주치마,중소기업,경기 고양시,농축산·어업·임업,-,-,심재형,2009.03.26(17년차)
행주치마,중소기업,충남 공주시,한식 일반 음식점업,"5,054만원(2023.12.31)","2억 2,928만원(2023.12.31)",곽인회,1998.11.07(28년차)
한국클린푸드,중소기업,경기 양주시,"산업용 농.축산물, 섬유 원료 및 동물 중개업",1억원(2024.12.31),10억 7백만원(2024.12.31),이재용,2017.07.31(9년차)
엠비디자인,중소기업,광주 광산구,응용 소프트웨어 개발 및 공급업,"1억 5,000만원(2023.12.31)",,최지율,2020.03.17(6년차)
엠비디자인,중소기업,서울 영등포구,인테리어·자재,2억원,22억,윤영섭,2014.04.10(12년차)
엠비디자인,중소기업,서울 강남구,"광고물 문안, 도안, 설계 등 작성업",,,유민선,2012.09.24(14년차)
엠비디자인,중소기업,경기 고양시,"도배, 실내장식 및 내장 목공사업","1억 6,000만원(2020.12.31)",40억 6천만원(2020.12.31),김옥덕,2016.12.20(10년차)
엠비디자인,중소기업,서울 서초구,솔루션·SI·CRM·ERP,1억원,5억,관리자,2005.03.18(21년차)
엠비디자인,중소기업,인천 미추홀구,인테리어·자재,-,-,유승연,2021.07.09(5년차)
엠비디자인,중소기업,서울 강남구,"도배, 실내장식 및 내장 목공사업","2,000만원(2016.12.31)",13억 3천만원(2016.12.31),장명기,2011.12.12(15년차)
엠비디자인,중소기업,서울 서초구,인테리어·자재,"2,000만원(2019.12.31)",50억,이종관,2018(8년차)
엠비디자인,중소기업,서울 서초구,인테리어·자재,-,-,임정아,2021(5년차)
엠비디자인,중소기업,경기 포천시,디자인·CAD,"2,000만원",10억,정상민,2017.01.10(9년차)
대원산업,중견기업,경기 안산시,그 외 자동차용 신품 부품 제조업,100억 1천만원(2024.12.31),"8,313억 7천만원(2024.12.31)",허재건/허재명/김재덕,1968.09.10(58년차)
대원산업,중소기업,경기 이천시,포장용 플라스틱 성형용기 제조업,340억원(2024.12.31),962억 1천만원(2024.12.31),원성역,2008.01.01(18년차)
대원산업,중소기업,인천 부평구,"플라스틱 포대, 봉투 및 유사제품 제조업",23억원(2024.12.31),541억 1천만원(2024.12.31),박세준,1978.08.01(48년차)
대원산업,중소기업,충남 천안시,동물성 유지 제조업,"5억 9,000만원(2024.12.31)",436억 7천만원(2024.12.31),서준석,2004.12.02(22년차)
대원산업,중소기업,울산 북구,선박 구성 부분품 제조업,4억원(2018.12.31),37억 3천만원(2018.12.31),이재현,1996.02.01(30년차)
대원산업,중소기업,전북 군산시,금속·재료·자재,-,-,전세환,1989.05.01(37년차)
대원산업,중소기업,대전 유성구,가정용 비전기식 조리 및 난방 기구 제조업,"1,000만원(2023.12.31)","8억 7,633만원(2023.12.31)",송인관,2019.03.08(7년차)
대원산업,중소기업,서울 양천구,건축·설비·환경,-,-,김은주,-
대원산업,중소기업,부산 기장군,물류·운송·배송,-,-,염주원,-
대원산업,중소기업,전남 광양시,콘크리트 관 및 기타 구조용 콘크리트 제품 제조업,1억원(2024.12.31),63억 6천만원(2024.12.31),손차균,2009.08.03(17년차)
마이콤마,중소기업,서울 구로구,솔루션·SI·CRM·ERP,,,박상욱,2018.01.09(8년차)
코리아벨로우즈,중소기업,부산 금정구,반도체·디스플레이·광학,-,-,전두일,2010(16년차)
건축사사무소동이,중소기업,서울 서초구,건축·설비·환경,5억원,1049억,박병욱,1996(30년차)
건축사사무소동이,중소기업,서울 강남구,건축설계 및 관련 서비스업,"1억 5,000만원(2021.12.31)",14억 8천만원(2021.12.31),노윤경,1995.10.01(31년차)
테크트리,중소기업,부산 부산진구,응용 소프트웨어 개발 및 공급업,,,안경범,2020.06.02(6년차)
테크트리,벤처기업,서울 서초구,솔루션·SI·CRM·ERP,"5,000만원(2016.12.31)","6억 7,926만원(2016.12.31)",최세정,2011.12.20(15년차)
테크트리,중소기업,서울 강남구,솔루션·SI·CRM·ERP,-,-,김성민,-
테크트리,중소기업,경기 김포시,분말 야금제품 제조업,1억원(2023.12.31),"4억 5,106만원(2023.12.31)",최관수,2012.11.16(14년차)
테크트리,중소기업,충남 천안시,화학·에너지·환경,-,-,"임정순,김종인",2001.09.14(25년차)
테크트리,중소기업,경기 용인시,그 외 자동차용 신품 부품 제조업,1억원(2024.12.31),106억 6천만원(2024.12.31),전정숙,2021.08.15(5년차)
테크트리,중소기업,서울 서초구,응용 소프트웨어 개발 및 공급업,"5,000만원(2024.12.31)",19억 1천만원(2024.12.31),최승엽,2019.03.04(7년차)
테크트리,중소기업,경북 경주시,금속·재료·자재,,,조윤서,-
테크트리,중소기업,서울 강서구,컴퓨터·하드웨어·장비,-,-,박주영,-
테크트리,중소기업,경기 안산시,전자상거래 소매 중개업,-,-,박준혁,-
대부농산,중소기업,서울 영등포구,그 외 기타 여신금융업,115억 9천만원(2024.12.31),435억 5백만원(2024.12.31),김충호/우영제,2002.10.01(24년차)
대부농산,중소기업,서울 강남구,캐피탈·대출,18억원,260억,나카무라나루키,2002.10.02(24년차)
대부농산,중소기업,서울 강남구,상품 종합 도매업,222억 3천만원(2023.12.31),-,변정국,2002.11.01(24년차)
대부농산,대기업,서울 구로구,그 외 기타 여신금융업,196억 9백만원(2024.12.31),425억 6백만원(2024.12.31),손대희,2002.10.19(24년차)
대부농산,대기업,서울 종로구,캐피탈·대출,147억 5천만원(2024.12.31),458억 4천만원(2024.12.31),임승준,1985.05.10(41년차)
대부농산,대기업,서울 동작구,캐피탈·대출,200억원,"6238억6,145",최상민,2002.08.26(24년차)
대부농산,중견기업,서울 관악구,캐피탈·대출,200억원,3209억,김선이,2002.08.26(24년차)
대부농산,대기업,광주 광산구,캐피탈·대출,200억원,-,최상민,2002.08.26(24년차)
대부농산,중소기업,서울 강남구,캐피탈·대출,40억원,321억 4천만원(2024.12.31),주환곤,2002.08.26(24년차)
대부농산,중소기업,경기 화성시,금속·재료·자재,"5억 5,000만원",152억,송남천,2002.08.28(24년차)
대한컨설팅그룹,중소기업,서울 금천구,시스템ㆍ응용 소프트웨어 개발 및 공급업,"1,000만원(2017.12.31)",12억 4천만원(2017.12.31),최봉영,2013.01.25(13년차)
엔오비즈,중소기업,서울 서초구,솔루션·SI·CRM·ERP,1억원,24억,정찬석,2011.04.20(15년차)
녹선,중소기업,경기 가평군,김치류 제조업,9억원(2024.12.31),164억 3천만원(2024.12.31),송금희,2005.01.18(21년차)
서린,대기업 계열사·자회사,서울 종로구,솔루션·SI·CRM·ERP,5억원,397억,최범수,1996.04.12(30년차)
서린,중소기업,경기 성남시,의료기기 도매업,44억 5천만원(2024.12.31),732억 3천만원(2024.12.31),황을문/강미옥,1994.04.01(32년차)
서린,중소기업,강원 춘천시,생활화학·화장품,,,"정서린, 이영학",2017(9년차)
서린,중소기업,경기 화성시,전기·전자·제어,7억 500만원,40억원-2018년,강미옥,2012.07.26(14년차)
서린,중소기업,서울 용산구,컴퓨터·하드웨어·장비,1억원,320억(2023),전덕규,2004.10.08(22년차)
서린,중소기업,서울 강남구,제약·보건·바이오,5억원,150억,황현태,1999.03.17(27년차)
서린,중소기업,전남 목포시,합성수지 및 기타 플라스틱 물질 제조업,-,-,김현국,-
서린,중소기업,서울 서초구,부동산·중개·임대,-,-,김아영,1999.07.04(27년차)
서린,중소기업,경남 하동군,콘크리트 및 철근 공사업,"2억 3,400만원(2023.12.31)","5억 5,899만원(2023.12.31)",김종상,2001.08.01(25년차)
서린,중소기업,경북 구미시,기타 반도체소자 제조업,6억원(2024.12.31),23억 5천만원(2024.12.31),김태헌,2018.12.01(8년차)
정도개발,중소기업,경기 수원시,기타 화학물질 및 화학제품 도매업,8억원(2024.12.31),200억,최경율,1996.08.27(30년차)
정도개발,중소기업,충청북도 음성군,지정 외 폐기물 처리업,5억원(2024.12.31),123억 4천만원(2024.12.31),이광준,2006.04.01(20년차)
정도개발,중소기업,경기 고양시,비주거용 건물 개발 및 공급업,"3억 3,000만원(2024.12.31)",64억 2천만원(2024.12.31),이행호,2016.10.24(10년차)
정도개발,중소기업,경북 구미시,배관 및 냉ㆍ난방 공사업,2억원(2023.12.31),63억 5천만원(2023.12.31),석승균,2016.06.08(10년차)
정도개발,중소기업,서울 강북구,건물 및 구축물 해체 공사업,2억원(2022.12.31),17억 4천만원(2022.12.31),최현근,2013.06.28(13년차)
경북교육개발,국내 공공기관·공기업,경북 경산시,지반조성 건설업,"2,834억원","2,367억 2천만",이재혁,1997.07.01(29년차)
경북교육개발,중소기업,경북 예천군,영화·음반·배급,-,-,정성상,-
송우산업,중소기업,경남 양산시,산업용 그 외 비경화 고무제품 제조업,5억원(2024.12.31),708억 6천만원(2024.12.31),박수곤,1998.03.19(28년차)
송우산업,중소기업,충남 태안군,레미콘 제조업,8억원(2021.12.31),53억 1천만원(2021.12.31),강성윤,2014.09.30(12년차)
송우산업,중소기업,경기 성남시,부동산 중개 및 대리업,-,-,전진호,-
송우산업,중소기업,경기 시흥시,비금속광물 분쇄물 생산업,74억원(2024.12.31),-,박수곤,2022.02.10(4년차)
씨에스산전,대기업,서울 영등포구,컴퓨터시스템 통합 자문 및 구축 서비스업,471억 9천만원(2024.12.31),"5조 4,075억원(2024.12.31)",현신균,1987.01.14(39년차)
씨에스산전,중소기업,서울 송파구,생활화학·화장품,43억원4십만원,1486억,"김태욱,김성현",2000.02.29(26년차)
씨에스산전,대기업 계열사·자회사,서울 금천구,네트워크·통신서비스,2억원(2024.12.31),994억 6천만원(2024.12.31),이금자,2008.09.01(18년차)
씨에스산전,대기업,서울 강남구,콜센터 및 텔레마케팅 서비스업,,,,
씨에스산전,외국계(외국 법인기타),경기 용인시,반도체·디스플레이·광학,12억 7천만원,2000억,YUN JASON JAEHONG(윤재홍),1997.07.01(29년차)
씨에스산전,대기업 계열사·자회사,서울 강남구,증권·보험·카드,2억원(2024.12.31),380억,전흥태,2011.04.01(15년차)
씨에스산전,중견기업,서울특별시 금천구,"치약, 비누 및 기타 세제 제조업",75억원(2024.12.31),314억 2천만원(2024.12.31),강성윤/김영대,1989.09.27(37년차)
씨에스산전,중소기업,서울 영등포구,기타 일반 기계 및 장비 수리업,"4억 9,556만원(2024.12.31)",94억원2만원(2024.12.31),김범수,2006.10.02(20년차)
씨에스산전,벤처기업,충북 청주시,솔루션·SI·CRM·ERP,-,-,김재영,2000(26년차)
씨에스산전,중소기업,경기 용인시,기계·기계설비,-,200억,김태영,1998.09.30(28년차)
제이피건설,중소기업,부산 부산진구,건설·시공·토목·조경,3억 500만원,5억,김판재,1998(28년차)
제이피건설,중소기업,서울 중랑구,배관 및 냉ㆍ난방 공사업,5억원(2020.12.31),18억 9백만원(2020.12.31),여혜정,2002.01.01(24년차)
제이피건설,중소기업,경기 용인시,그 외 기타 건축자재 도매업,-,-,박진영,-
제이피건설,중소기업,서울 강동구,건물 건설업,"5억 5,000만원(2023.12.31)",91억 2천만원(2023.12.31),전평,2016.06.23(10년차)
무진에프이앤씨,중소기업,서울 은평구,기타 엔지니어링 서비스업,"2억 8,000만원(2024.12.31)",8억 492만원(2024.12.31),서종희,2010.01.04(16년차)
티제이이앤지,중소기업,경기 화성시,배전반 및 전기 자동제어반 제조업,"3억 5,000만원(2023.12.31)",26억 2천만원(2023.12.31),이태우,2017.06.28(9년차)
창조종합건축사사무소,중소기업,서울 강남구,건축설계 및 관련 서비스업,25억원(2024.12.31),855억 6천만원(2024.12.31),강민석/김영관/방세환/이종규,1984.06.25(42년차)
창조종합건축사사무소,중소기업,경기 시흥시,디자인·CAD,7억원,31억,이성원,2008.12.08(18년차)
티이오,중소기업,서울 송파구,전기·전자·제어,3억원,214억,김주연,2000.09.29(26년차)
티이오,외국계(외국 투자기업),서울 강남구,제약·보건·바이오,,,,
티이오,중소기업,서울 강남구,그 외 기타 분류 안된 사업지원 서비스업,5억원(2022.12.31),69억 8천만원(2022.12.31),강정임,1996(30년차)
티이오,중소기업,서울 서초구,기타 금융 투자업,"5억 8,250만원(2024.12.31)",148억 2천만원(2024.12.31),김양우/최창해,2012.03.12(14년차)
티이오,중소기업,서울 강남구,쇼핑몰·오픈마켓·소셜커머스,,,이동준,2004.10.18(22년차)
티이오,대기업 계열사·자회사,서울 강남구,스포츠·여가·레저,"5억 1,300만원(2024.12.31)",490억 2천만원(2024.12.31),조세프패트릭마쉬,2019.10.08(7년차)
티이오,중소기업,서울 중랑구,매니저업,"1억 6,755만원",227억 7737만,이재영,2014.11.17(12년차)
티이오,일반법인,인천광역시 연수구,기타 산업용 기계 및 장비 도매업,-,-,김태경,2014.01.01(12년차)
티이오,중견기업,경기 오산시,그 외 기타 전기장비 제조업,110억 1천만원(2024.12.31),"1,457억 8천만원(2024.12.31)",배성민,2001.08.01(25년차)
티이오,중소기업,서울 마포구,음식료·외식·프랜차이즈,5억원,100억,백호근,2002.08.27(24년차)
인포스탁,중소기업,경기 성남시,응용 소프트웨어 개발 및 공급업,2억원(2023.12.31),16억 5천만원(2023.12.31),신민석,2018.11.26(8년차)
루밍,중소기업,서울 서초구,백화점·유통·도소매,,,박근하,2015.01.08(11년차)
루밍,중소기업,서울 서초구,광고매체 판매업,100만원(2020.12.31),"5억 5,999만원(2020.12.31)",유경동,2017.05.26(9년차)
더쎄븐파트너스,중소기업,서울 서초구,"광고물 문안, 도안, 설계 등 작성업",1억원,"4억 9,849만원(2017.12.31)",김윤정,1999(27년차)
대양전기,중견기업,서울 강남구,선박 구성 부분품 제조업,47억 8천만원(2024.12.31),"1,796억 1천만원(2024.12.31)",서영우,1988.07.01(38년차)
대양전기,중소기업,경기 부천시,기타 반도체소자 제조업,"2,500만원(2023.12.31)",12억 5천만원(2023.12.31),김영진,2015.06.10(11년차)
대양전기,중소기업,서울 도봉구,기타 기술 및 직업훈련학원,"5,000만원(2024.12.31)",9억 3만원(2024.12.31),유선희,2015.08.31(11년차)
대양전기,중소기업,경기 양평군,일반전기 공사업,3억원(2024.12.31),20억 6천만원(2024.12.31),김춘근/김호종,2012.10.25(14년차)
대양전기,중소기업,서울 관악구,일반전기 공사업,"1억 5,000만원(2019.12.31)","5억 6,593만원(2019.12.31)",이재원,2019.01.23(7년차)
대양전기,중견기업,경남 창원시,축전지 제조업,8억원(2024.12.31),169억 9천만원(2024.12.31),신우섭,1997.07.01(29년차)
대양전기,중소기업,부산 강서구,"레이더, 항행용 무선기기 및 측량기구 제조업","1억 3,000만원(2024.12.31)",184억 9천만원(2024.12.31),박정귀,1988.03.20(38년차)
대양전기,중소기업,부산 사상구,전기용 기계.장비 및 관련 기자재 도매업,"7억 5,000만원(2023.12.31)",63억 5천만원(2023.12.31),신상일,2011.04.18(15년차)
대화테크,중소기업,경기 성남시,기계·기계설비,"2,000만원(2021.12.31)","7억 2,169만원(2021.12.31)",김영기,2014.02.10(12년차)
대화테크,중소기업,경기 용인시,"전자기 측정, 시험 및 분석기구 제조업","2억 1,996만원(2020.12.31)",16억 2천만원(2020.12.31),박영훈,2017.06.30(9년차)
엘유티,중소기업,서울 서초구,신발 도매업,3억원(2024.12.31),298억 8천만원(2024.12.31),나은택,2008.04.16(18년차)
누보,중소기업,경기 파주시,가방 및 기타 보호용 케이스 제조업,1억원(2023.12.31),13억 1천만원(2023.12.31),신관철,2016.07.22(10년차)
누보,중소기업,경기 의정부시,전자상거래 소매 중개업,"5,000만원",35억 8천만,구현기,2017.03.01(9년차)
누보,중소기업,경기 용인시,조경 건설업,"9억 9,000만원(2024.12.31)",196억 1천만원(2024.12.31),윤동혁,2022.05.24(4년차)
누보,중소기업,경기 화성시,아스팔트 콘크리트 및 혼합제품 제조업,"2억 5,000만원(2024.12.31)",185억 2천만원(2024.12.31),이봉원/이진호,2004.04.06(22년차)
누보,중소기업,서울 마포구,"도배, 실내장식 및 내장 목공사업","3,000만원(2022.12.31)",10억 2천만원(2022.12.31),장경주,2015.06.04(11년차)
누보,중소기업,서울 강남구,기타 부동산 개발 및 공급업,-,-,인영식,2017.08.18(9년차)
누보,중소기업,경기 수원시,응용 소프트웨어 개발 및 공급업,-,-,정혜원,-
누보,중소기업,서울 송파구,백화점·유통·도소매,1억원,34억,조윤호,2004.06.25(22년차)
누보,중소기업,서울 강북구,주차장 운영업,-,-,이성현,-
아키스타건축사사무소,중소기업,서울 송파구,기타 인문 및 사회과학 연구개발업,3억원(2022.12.31),32억 7천만원(2022.12.31),정형찬,2014.01.17(12년차)
태광플랜트,중소기업,울산 중구,"탭, 밸브 및 유사장치 제조업","3,720만원(2023.12.31)",11억 2천만원(2023.12.31),조석제,2016.06.23(10년차)
인터트레이드앤테크놀로지스코리아,중소기업,서울 강남구,백화점·유통·도소매,,30억 7천만원(2024.12.31),강홍석,2008.01.02(18년차)
보국,중소기업,대구 달서구,가전제품 및 부품 도매업,"3억 5,000만원(2024.12.31)",176억 3천만원(2024.12.31),이완수,1999.03.09(27년차)
보국,중소기업,서울 관악구,제약·보건·바이오,,,손보영,1986(40년차)
보국,중소기업,서울 은평구,"도배, 실내장식 및 내장 목공사업",2억원(2024.12.31),"4억 7,408만원(2024.12.31)",서석태,2002.04.08(24년차)
보국,중소기업,경기 안산시,환경 관련 엔지니어링 서비스업,3억원(2021.12.31),38억 8백만원(2021.12.31),태현아,2006.01.05(20년차)
보국,중소기업,대구 달성군,전동기 및 발전기 제조업,13억 3천만원(2024.12.31),191억 7천만원(2024.12.31),곽경수/곽기영,1984.11.20(42년차)
보국,중소기업,부산 부산진구,1차 금속제품 도매업,2억원(2024.12.31),59억 2천만원(2024.12.31),김학수,1988.01.01(38년차)
보국,중소기업,경북 구미시,전기용 기계.장비 및 관련 기자재 도매업,"7억 5,000만원(2024.12.31)",63억 8천만원(2024.12.31),박성일,2014.08.01(12년차)
보국,중소기업,인천 부평구,상품 종합 도매업,2억원(2022.12.31),12억 1백만원(2022.12.31),이성만,2007.05.21(19년차)
보국,중소기업,대구 서구,화학섬유직물 직조업,1억원(2024.12.31),23억 7천만원(2024.12.31),김보경,2005.07.25(21년차)
보국,중소기업,부산 연제구,배관 및 냉ㆍ난방 공사업,"2억 5,000만원(2024.12.31)",49억 2천만원(2024.12.31),김영길,2013.05.01(13년차)
디에스티,중소기업,경기 군포시,무인 항공기 및 무인 비행장치 제조업,5억원(2024.12.31),181억 1백만원(2024.12.31),강현철,2001.02.06(25년차)
디에스티,중소기업,경남 창원시,자동차·조선·철강·항공,-,-,양성문,1995.06.10(31년차)
디에스티,중소기업,충남 천안시,전기·전자·제어,-,-,심두혁,-
디에스티,중소기업,서울 서초구,그 외 기타 생활용품 도매업,"9억 9,900만원",-,강재원,2017.04.27(9년차)
디에스티,중소기업,경남 김해시,금속·재료·자재,-,-,임춘우,2014.07.08(12년차)
디에스티,중소기업,경북 칠곡군,디스플레이 제조용 기계 제조업,2억원(2023.12.31),31억 9천만원(2023.12.31),이무용,2011.07.28(15년차)
디에스티,중소기업,경기 성남시,응용 소프트웨어 개발 및 공급업,3억원(2020.12.31),"1억 4,194만원(2020.12.31)",최제동,2015.03.26(11년차)
디에스티,중소기업,경기 하남시,컴퓨터 제조업,1억원(2019.12.31),"1억 9,786만원(2019.12.31)",김주원,2016.03.17(10년차)
광명아이앤씨,중소기업,서울 금천구,응용 소프트웨어 개발 및 공급업,"3,000만원(2022.12.31)",38억 6천만원(2022.12.31),정강진,2017.02.20(9년차)
광명아이앤씨,중소기업,경기 광명시,백화점·유통·도소매,-,-,김현동,2002.05.08(24년차)
한신이엔씨,중소기업,인천 부평구,전기·전자·제어,-,-,김기춘,2010.07.30(16년차)
한신이엔씨,중소기업,경기 김포시,조적 및 석 공사업,2억원(2021.12.31),16억 9천만원(2021.12.31),차상규,2016.07.05(10년차)
디멕스,중소기업,서울 동작구,방송 프로그램 제작업,"3억 8,320만원(2022.12.31)",37억 5천만원(2022.12.31),김재환,2007.06.01(19년차)
디멕스,중소기업,광주 북구,솔루션·SI·CRM·ERP,5억원,11억 8천만원(2024.12.31),김옥자,2015.06.10(11년차)
테라리더,중소기업,대전 유성구,"전자코일, 변성기 및 기타 전자 유도자 제조업","1억 7,000만원(2023.12.31)",10억 7천만원(2023.12.31),한석길,2006.11.24(20년차)
강남고속관광,중소기업,경기 평택시,전세버스 운송업,"8억 3,000만원(2024.12.31)",50억 2천만원(2024.12.31),이혜진,1996.07.25(30년차)
우리엔아이에스,중소기업,서울 송파구,네트워크·통신서비스,"4억 5,000만원",129억,백창준,1999.04.12(27년차)
우리엔아이에스,대기업,서울 마포구,보험 대리 및 중개업,"3,000만원(2020.12.31)",11억 4천만원(2020.12.31),이문석,2010.12.01(16년차)
무한개발,중소기업,서울 서초구,건축·설비·환경,-,-,김규현,1999.08.31(27년차)
무한개발,중소기업,경기 양주시,비주거용 건물 개발 및 공급업,300만원(2022.12.31),28억 3천만원(2022.12.31),송병섭,2019.03.06(7년차)
원진,중견기업,경기 화성시,그 외 자동차용 신품 부품 제조업,24억 9천만원(2024.12.31),760억 9천만원(2024.12.31),박성진/송민헌,1994.07.01(32년차)
원진,중견기업,충북 진천군,자동차 엔진용 신품 부품 제조업,12억 8천만원(2024.12.31),668억 6백만원(2024.12.31),박성진/김재석,1988.04.01(38년차)
원진,중소기업,전북 완주군,유리 및 창호 공사업,"7억 1,000만원(2024.12.31)",480억 1천만원(2024.12.31),원태연,1987.10.12(39년차)
원진,중소기업,서울 서초구,의료(진료과별),-,-,강문석,2020.01.01(6년차)
원진,중소기업,서울특별시 동대문구,의약품 도매업,"5억 5,000만원(2024.12.31)",804억 2천만원(2024.12.31),김원직,1995.01.03(31년차)
원진,중소기업,대전 중구,건축·설비·환경,8억원,43억,박상권,1995.01.03(31년차)
원진,중소기업,서울 영등포구,무역·상사,2억원,72억,이효선,1999.06.26(27년차)
원진,중소기업,경남 양산시,그 외 기타 건축자재 도매업,23억 2천만원(2024.12.31),"1,002억 9천만원(2024.12.31)",손달호/손형서/윤성현,2017.11.01(9년차)
원진,중소기업,서울 구로구,건축물 일반 청소업,1억원(2023.12.31),65억 3천만원(2023.12.31),오해일,1977.06.01(49년차)
아성,중견기업,서울 강남구,그 외 기타 생활용품 도매업,,,,
아성,중소기업,서울 강남구,전기용 기계.장비 및 관련 기자재 도매업,"5,000만원(2024.12.31)",764억 3천만원(2024.12.31),권석일/권혁재,1997.10.01(29년차)
아성,중소기업,서울 강남구,백화점·유통·도소매,15억원(2024.12.31),183억 4천만원(2024.12.31),김성찬,2008.07.30(18년차)
아성,중견기업,서울 강남구,그 외 기타 생활용품 도매업,5억원(2024.12.31),"8,612억 9천만원(2024.12.31)",장현성,2009.07.01(17년차)
아성,대기업 계열사·자회사,서울 강남구,백화점·유통·도소매,5억원(2024.12.31),222억 3백만원(2024.12.31),최필구,2007.03.14(19년차)
아성,중소기업,충남 천안시,그 외 자동차용 신품 부품 제조업,7억원(2024.12.31),364억 6천만원(2024.12.31),이경자,2001.03.01(25년차)
아성,중소기업,경기 화성시,그 외 기타 기계 및 장비 도매업,,,,
아성,중소기업,경기 평택시,그 외 기타 고무제품 제조업,,,,
아성,중소기업,경기 안산시,"플라스틱 선, 봉, 관 및 호스 제조업",,,,
아성,중소기업,서울 강북구,"도배, 실내장식 및 내장 목공사업",,,,
이화물산,중소기업,서울 송파구,직물 도매업,,,,
에이치산업개발,중소기업,경기 용인시,기타 토목시설물 건설업,,,,
에이치산업개발,중소기업,광주 광산구,전기·전자·제어,,,,
에이치산업개발,중소기업,경기 화성시,"골재, 벽돌 및 시멘트 도매업",,,,
동의휴먼연구소,중소기업,세종,직원훈련기관,,,,
한국지식재산보호원,공공기관,서울 강남구,경제 및 경영학 연구개발업,,,,
에스엘정보통신,중소기업,부산 부산진구,"컴퓨터 및 주변장치, 소프트웨어 도매업",,,,
신일테크,중소기업,서울 구로구,비디오 및 기타 영상기기 제조업,,,,
신일테크,중소기업,경기 시흥시,반도체 제조용 기계 제조업,,,,
신일테크,중소기업,경기 시흥시,전기·전자·제어,,,,
신일테크,중소기업,경기 평택시,기계·기계설비,,,,
신일테크,중소기업,경상남도 창원시,생활용 유리ㆍ요업ㆍ목재ㆍ금속 제품 및 날붙이 도매업,,,,
신일테크,중소기업,경기 이천시,그 외 기타 분류 안된 상품 전문 소매업,,,,
올레,중견기업,서울 금천구,건설·시공·토목·조경,,,,
올레,비영리법인,제주 서귀포시,협회·단체,,,,
올레,중소기업,경기 양주시,식품가공,9억원,-,홍국열,2019.02.18(7년차)
올레,중소기업,경기 용인시,농축산·어업·임업,,,,
올레,중소기업,제주 제주시,육류 기타 가공 및 저장처리업 (가금류 제외),,,,
올레,중소기업,서울 영등포구,"컴퓨터 및 주변장치, 소프트웨어 도매업",,,,
올레,중소기업,제주 제주시,호텔·여행·항공,,,,
올레,중소기업,충북 청주시,통신기기 소매업,,,,
올레,중소기업,경기 군포시,"치약, 비누 및 기타 세제 제조업",,,,
하이모강릉지점,중견기업,강원 강릉시,제약·보건·바이오,,,,
부원엔지니어링,벤처기업,서울 금천구,전기·전자·제어,,,,
다원테크,중소기업,경기 파주시,육상 금속 골조 구조재 제조업,,,,
다원테크,중소기업,경기 성남시,그 외 기타 특수목적용 기계 제조업,,,,
다원테크,중소기업,부산 강서구,화학·에너지·환경,,,,
다원테크,중소기업,경북 경산시,주형 및 금형 제조업,,,,
다원테크,중소기업,경기 부천시,연성 및 기타 인쇄회로기판 제조업,,,,
다원테크,중소기업,충남 천안시,기계·기계설비,,,,
다원테크,중소기업,경북 포항시,가전제품 소매업,,,,
다원테크,중소기업,경기 화성시,절삭가공 및 유사처리업,,,,
에브리원,중소기업,경기 군포시,전자상거래 소매 중개업,,,,
에브리원,중소기업,서울 송파구,데이터베이스 및 온라인정보 제공업,,,,
송학식품,중소기업,경기 파주시,떡류 제조업,,,,
근원종합건설,중소기업,대전 대덕구,건물 건설업,,,,
다이나믹미디어,중소기업,서울 영등포구,응용 소프트웨어 개발 및 공급업,,,,
코아테크,중소기업,충남 천안시,전기·전자·제어,,,,
코아테크,중소기업,경기 파주시,기계·기계설비,,,,
코아테크,중소기업,경기 남양주시,합성수지 및 기타 플라스틱 물질 제조업,,,,
코아테크,중소기업,경기 안양시,"물질 검사, 측정 및 분석기구 제조업",,,,
코아테크,중소기업,인천 서구,그 외 자동차용 신품 부품 제조업,,,,
코아테크,벤처기업,서울 성동구,정보보안,,,,
코아테크,중소기업,경기 화성시,목재·제지·가구,,,,
코아테크,중소기업,경기 고양시,점술 및 유사 서비스업,,,,
효산,중견기업,경기 군포시,의료(병원분류별),,,,
효산,중소기업,충남 아산시,기계·기계설비,,,,
효산,중소기업,서울 관악구,건설·시공·토목·조경,,,,
효산,중소기업,경기 안산시,"적층, 합성 및 특수표면처리 종이 제조업",,,,
효산,중소기업,경기 성남시,한식 해산물요리 전문점,,,,
효산,중견기업,경기 안양시,제약·보건·바이오,,,,
효산,중소기업,경기 고양시,건설·시공·토목·조경,,,,
효산,중소기업,경기 안산시,사무.상업용 및 공공기관용 건물 건설업,,,,
효산,중소기업,경기 파주시,건설·시공·토목·조경,,,,
원진물산,중소기업,경남 양산시,육상 금속 골조 구조재 제조업,,,,
원진물산,중소기업,인천 서구,그 외 기타 의료용 기기 제조업,,,,
소림,중소기업,부산 해운대구,음식료·외식·프랜차이즈,,,,
소림,중소기업,부산 사상구,절연 코드세트 및 기타 도체 제조업,,,,
소림,중소기업,부산 해운대구,문화·공연·예술,,,,
소림,중소기업,충남 천안시,음식료·외식·프랜차이즈,,,,
소림,중소기업,경기 안양시,음식료·외식·프랜차이즈,,,,
소림,중소기업,부산 금정구,한의원,,,,
소림,중소기업,서울 마포구,간이음식 포장 판매 전문점,,,,
소림,중소기업,부산 기장군,커피 및 차류 도매업,,,,
평구로지스,중소기업,경기 용인시,기타 보관 및 창고업,,,,
평구로지스,중소기업,서울 강남구,그 외 기타 여신금융업,,,,
제이아트컨벤션,중소기업,광주 서구,예식장업,,,,
제이아트컨벤션,중소기업,경기 평택시,웨딩·상조·이벤트,,,,
제이에이치티,중소기업,서울 동작구,모바일·APP,,,,
제이에이치티,중소기업,서울 강남구,화장품 및 화장용품 도매업,,,,
제이에이치티,중소기업,경기 안양시,반도체·디스플레이·광학,,,,
제이에이치티,벤처기업,충북 청주시,화학·에너지·환경,,,,
제이에이치티,중소기업,인천 남동구,옥외 및 전시 광고업,,,,
제이에이치티,중소기업,서울 중구,기타 공학 연구개발업,,,,
제이에이치티,중소기업,서울 강남구,응용 소프트웨어 개발 및 공급업,,,,
제이에이치티,중소기업,서울 강남구,포털 및 기타 인터넷 정보매개 서비스업,,,,
제이에이치티,중소기업,서울특별시 성북구,부동산·중개·임대,,,,
제이에이치티,중소기업,서울 종로구,데이터베이스 및 온라인정보 제공업,,,,
이레조경건설,중소기업,경남 창원시,건설·시공·토목·조경,,,,
근도상사,중소기업,강원 원주시,금속·재료·자재,,,,
키푸디,중소기업,부산 강서구,조미료 도매업,,,,
오션브릿지,중소기업,경기 하남시,"신선, 냉동 및 기타 수산물 도매업",,,,
오션브릿지,중소기업,서울 강남구,경영 컨설팅업,,,,
오션브릿지,중소기업,부산 수영구,비주거용 건물 임대업,,,,
씽크라이크펫,중소기업,서울 강남구,전자상거래 소매업,,,,
케이비엠산업,중소기업,서울 마포구,비주거용 건물 임대업,,,,
한국전자입찰연구소,중소기업,서울 구로구,데이터베이스 및 온라인정보 제공업,,,,
더모스트,중소기업,서울 강서구,콜센터·아웃소싱·기타,,,,
더모스트,중소기업,경기 안양시,건설·시공·토목·조경,,,,
더모스트,중소기업,서울 서초구,비주거용 건물 개발 및 공급업,,,,
더모스트,중소기업,경기 의정부시,전자상거래 소매 중개업,,,,
더모스트,중소기업,서울 성북구,전자상거래 소매업,,,,
더모스트,비영리단체·교육재단,울산 중구,부동산·중개·임대,,,,
더모스트,중소기업,경기 화성시,시설관리·보안·경비,,,,
더모스트,개인,서울 강남구,곡물 가공품 제조업,,,,
더파이낸셜어드바이저리그룹,중소기업,서울 중구,호텔업,,,,
더파이낸셜어드바이저리그룹,중소기업,서울 영등포구,호텔·여행·항공,,,,
더파이낸셜어드바이저리그룹,중소기업,부산 해운대구,호텔업,,,,
디자인오,중소기업,서울 강서구,백화점·유통·도소매,,,,
디자인오,중소기업,광주 남구,건물 건설업,5억원(2024.12.31),94억 7천만원(2024.12.31),김진호,2016.11.15(10년차)
디자인오,중소기업,서울 마포구,출판·인쇄·사진,-,-,임학래,2005.03.02(21년차)
디자인오,벤처기업,서울 송파구,포털·컨텐츠·커뮤니티,,,배상희,2016.11.30(10년차)
디자인오,중소기업,서울 송파구,"도배, 실내장식 및 내장 목공사업","2억 1,000만원(2024.12.31)",114억 3천만원(2024.12.31),황진영,2017.02.21(9년차)
디자인오,중소기업,서울 강남구,인테리어·자재,5억원,330억,김덕흥,2002.11.13(24년차)
디자인오,중소기업,서울 종로구,출판·인쇄·사진,-,-,이상영,2001.06.01(25년차)
디자인오,중소기업,서울 강남구,건설·시공·토목·조경,6억원,-,김계연,2001.07.18(25년차)
디자인오,중소기업,서울 성동구,"전시, 컨벤션 및 행사 대행업","5,000만원",20억,박대신,2013(13년차)
디자인오,대기업,서울 금천구,"패션, 섬유류 및 기타 전문 디자인업",78억 8천만원(2021.12.31),80억 5천만원(2021.12.31),윤성대,2011.05.11(15년차)
천인이엠,중소기업,경기 안성시,변압기 제조업,2억원(2020.12.31),36억 5천만원(2020.12.31),박종일,2011.01.03(15년차)
영남이엔지,중소기업,울산 울주군,건물 및 토목 엔지니어링 서비스업,"5,000만원(2024.12.31)","2억 9,575만원(2024.12.31)",김승한,2022.01.12(4년차)
유로로지스,중소기업,서울 강남구,"화물운송 중개, 대리 및 관련 서비스업",3억원(2021.12.31),305억 3천만원(2021.12.31),김성돈,1999.04.01(27년차)
케이와이케이종합건설,중소기업,서울 노원구,단독 주택 건설업,5억원(2020.12.31),39억 1천만원(2020.12.31),도영철/권익준/이상욱,2019.02.15(7년차)
케이와이케이종합건설,중소기업,경기 안양시,사무.상업용 및 공공기관용 건물 건설업,5억원(2021.12.31),19억 2천만원(2021.12.31),오동근,2020.06.15(6년차)
피앤씨테크놀로지,중소기업,서울 송파구,응용 소프트웨어 개발 및 공급업,"5,349만원(2024.12.31)",10억 3천만원(2024.12.31),공낙현,2018.06.05(8년차)
피앤씨테크놀로지,중소기업,경기 안산시,"철물, 금속 파스너 및 수공구 도매업",1억원(2019.12.31),"7억 3,954만원(2019.12.31)",안수광,2013.01.01(13년차)
한국수산회,비영리법인,부산 기장군,"그 외 기타 분류 안된 전문, 과학 및 기술 서비스업",10억 2천만원(2022.12.31),783억 7백만원(2022.12.31),정영훈,2002.01.05(24년차)
에이치앤에이치그룹,중소기업,대구 북구,기타 곡물 가공품 제조업,"9억 5,000만원(2024.12.31)","5억 4,823만원(2024.12.31)",이준대,2016.09.01(10년차)
영건설,중소기업,경기 성남시,건물 건설업,"5억 6,000만원(2023.12.31)",206억 8천만원(2023.12.31),방성환,2005.08.15(21년차)
영건설,중소기업,경기 용인시,단독 주택 건설업,"5,000만원(2024.12.31)","1억 7,892만원(2024.12.31)",문재영,2016.06.01(10년차)
영건설,중소기업,경기 평택시,기타 옥외 시설물 축조 관련 전문공사업,7억원(2024.12.31),13억 6천만원(2024.12.31),이승희,2000.12.07(26년차)
영건설,중소기업,강원 원주시,건물 건설업,"6억 7,500만원(2023.12.31)",163억 7천만원(2023.12.31),김정호,2020.05.20(6년차)
영건설,중소기업,인천 동구,제조업 및 유사 산업용 건물 건설업,"4억 3,000만원(2024.12.31)",51억 1천만원(2024.12.31),최석영,2019.04.10(7년차)
영건설,중소기업,대전 대덕구,시설물 유지관리 공사업,5억원(2023.12.31),44억 7천만원(2023.12.31),권두섭,2001.04.11(25년차)
영건설,중소기업,부산 기장군,건물용 금속공작물 설치 공사업,3억원(2022.12.31),19억 7천만원(2022.12.31),김남연,2010.05.24(16년차)
영건설,중소기업,경남 창원시,부동산·중개·임대,-,-,방헌태,2018.10.15(8년차)
영건설,중소기업,광주 북구,"미장, 타일 및 방수 공사업",5억원(2021.12.31),95억 3천만원(2021.12.31),노대영,2015.08.07(11년차)
목포대학교산학협력단,비영리법인,전라남도 무안군,기타 공학 연구개발업,"2,000만원(2022.02.28)",461억 3천만원(2022.02.28),김성환,2006.05.08(20년차)
비엘디,중소기업,서울 마포구,기타 주변기기 제조업,16억원(2022.12.31),-,현의섭,2019.02.28(7년차)
비엘디,중소기업,서울 성동구,한식 일반 음식점업,1억원(2023.12.31),19억 8천만원(2023.12.31),김윤곤,2021.06.24(5년차)
비엘디,중소기업,경기 용인시,부동산·중개·임대,-,-,김기강 외2명,2020.06.15(6년차)
비엘디,중소기업,경기 화성시,부동산 중개 및 대리업,"1,500만원(2021.12.31)","3억 7,818만원(2021.12.31)",김기강,2021.11.01(5년차)
비엘디,중소기업,경기 고양시,무역·상사,-,-,LEE DOEUN STELLA,2021.03.17(5년차)
비엘디,중소기업,경기 용인시,천연 및 혼합조제 조미료 제조업,1억원(2024.12.31),"2억 6,937만원(2024.12.31)",이근우,2016.01.04(10년차)
비엘디,중소기업,경기 파주시,인테리어·자재,-,-,최상배,2016.08.23(10년차)
그린환경,중소기업,서울 마포구,"산업설비, 운송장비 및 공공장소 청소업",5억원(2024.12.31),818억 1천만원(2024.12.31),양주상,2013.04.01(13년차)
그린환경,중소기업,경기 수원시,건축물 일반 청소업,3억원(2024.12.31),98억 4천만원(2024.12.31),국정랑,2006.12.01(20년차)
그린환경,중소기업,충남 천안시,비금속광물 분쇄물 생산업,12억 5천만원(2024.12.31),126억 9천만원(2024.12.31),임충빈,1997.01.01(29년차)
그린환경,중소기업,서울 송파구,건축·설비·환경,4억원,65억,이홍식,1994.06.29(32년차)
그린환경,중소기업,강원 원주시,경영 컨설팅업,"3,000만원(2023.12.31)",17억 5천만원(2023.12.31),엄은섭,2012.07.16(14년차)
그린환경,중소기업,전남 순천시,그 외 기타 일반목적용 기계 제조업,"3억 8,000만원(2024.12.31)",99억 7천만원(2024.12.31),정오용,1996.06.01(30년차)
그린환경,중견기업,충북 청주시,화학·에너지·환경,-,-,조상희,2000.05.01(26년차)
그린환경,중소기업,경기 연천군,지정 외 폐기물 처리업,20억원(2023.12.31),44억 5백만원(2023.12.31),권용숙,2020.12.18(6년차)
세연인터내셔널,중소기업,서울 강남구,전기·전자·제어,-,-,신현철,2015.11.19(11년차)
세연인터내셔널,중소기업,서울 중랑구,"근무복, 작업복 및 유사의복 제조업",2억원,17년실판기준25억,김종운,2012.08.15(14년차)
씨엠트레이딩,중소기업,대구 달서구,금속류 해체 및 선별업,"3억 7,500만원(2024.12.31)",312억 6천만원(2024.12.31),최은석,2018.02.07(8년차)
아크인트레이딩,중소기업,서울 강남구,무역·상사,1억원(2024.12.31),80억 7천만,장형근,2007.01.17(19년차)
에이엘티,중소기업,경기 군포시,전기·전자·제어,82억 9백만원(2024.12.31),795억 5천만원(2024.12.31),임학규,1996.12.17(30년차)
에이엘티,중소기업,서울 강남구,솔루션·SI·CRM·ERP,3억원,95억 2천만,이용훈,2000.09.14(26년차)
에이엘티,중소기업,경북 구미시,그 외 자동차용 신품 부품 제조업,78억 7천만원(2024.12.31),590억 5천만원(2024.12.31),장정희,2011.05.01(15년차)
에이엘티,중소기업,서울 강서구,그 외 기타 기계 및 장비 도매업,,,,
에이엘티,중소기업,서울 종로구,학원·어학원·교육원,"7억 2,666만원(2022.12.31)",10억 9천만원(2022.12.31),임재훈,1998(28년차)
에이엘티,중소기업,서울 마포구,디자인·CAD,-,-,이성남,2020(6년차)
에이엘티,벤처기업,경기 성남시,전기·전자·제어,19억 7천만원,554억원,이상수,2017.09.01(9년차)
에이엘티,중소기업,서울 서초구,부동산·중개·임대,5억원,35억 (2020),박영태,2017.07.01(9년차)
에이엘티,중소기업,경기 성남시,기타 엔지니어링 서비스업,"1억 2,000만원",114억 5천만원(2024.12.31),임강민,2013.07.29(13년차)
에이엘티,중소기업,경남 김해시,승강기 제조업,10억원(2024.12.31),128억 1천만원(2024.12.31),제정철,1995.10.20(31년차)
태성전력,중소기업,서울 마포구,일반전기 공사업,2억원(2019.12.31),"9억 8,700만원(2019.12.31)",김대성,2010.01.01(16년차)
삼지금속공업,중소기업,충남 예산군,"연 및 아연 제련, 정련 및 합금 제조업",11억원(2024.12.31),"1,250억 9천만원(2024.12.31)",서건수,1994.03.21(32년차)
진명아이앤씨,중소기업,대구 달성군,네트워크·통신서비스,2억원,161억,권오복,1998.08.20(28년차)
세광정보통신,중소기업,전남 담양군,내부 통신배선 공사업,"1억 5,000만원(2024.12.31)",81억 7천만원(2024.12.31),오경택,2011.02.14(15년차)
세광정보통신,중소기업,충북 음성군,일반 통신 공사업,"5억 6,700만원(2024.12.31)","9억 8,794만원(2024.12.31)",지성윤,2000.07.11(26년차)
아트매틱컴퍼니,중소기업,서울 성동구,연예·엔터테인먼트,,,이현상,2018(8년차)
컴파스코리아,중소기업,서울 금천구,응용 소프트웨어 개발 및 공급업,"5,000만원(2024.12.31)",24억 6천만원(2024.12.31),이정우,2017.03.20(9년차)
에스에이치원,중소기업,경기도 하남시,비주거용 건물 개발 및 공급업,-,-,노승화,-
에스에이치원,비영리단체·교육재단,서울 마포구,부동산·중개·임대,-,-,변경희,-
에스에이치원,중소기업,경기 안양시,경영 컨설팅업,1억원(2023.12.31),297만원(2023.12.31),강미정,2016.10.10(10년차)
송정산업,중소기업,서울 성북구,건설·시공·토목·조경,4억원,13억,김수경,1997.02.01(29년차)
디엠종합건설,중소기업,부산 기장군,건물 건설업,5억원(2024.12.31),27억 1천만원(2024.12.31),김경숙,2010.09.09(16년차)
디엠종합건설,중소기업,서울 강서구,건물 건설업,20억원,16억,채명기,2011.03.23(15년차)
엠온솔루션,중소기업,대전 유성구,제약·보건·바이오,-,약20억,남수진,2015.07.17(11년차)
가람이엔씨,중소기업,광주 서구,기타 엔지니어링 서비스업,,,,
가람이엔씨,중소기업,울산 중구,건물 및 토목 엔지니어링 서비스업,,,,
가람이엔씨,중소기업,경남 김해시,"보링, 그라우팅 및 관정 공사업",,,,
가람이엔씨,중소기업,전남 나주시,일반전기 공사업,,,,
가람이엔씨,중소기업,인천 서구,전동기 및 발전기 제조업,,,,
가람이엔씨,중소기업,충북 청주시,건물 및 토목 엔지니어링 서비스업,,,,
동양자산관리대부,중소기업,서울 마포구,그 외 기타 여신금융업,,,,
세광전기,중소기업,부산 해운대구,일반전기 공사업,,,,
세광전기,중소기업,경북 구미시,전기·전자·제어,,,,
세광전기,중소기업,대전 대덕구,백화점·유통·도소매,,,,
세광전기,중소기업,경기 시흥시,재생용 재료 및 기타 상품 전문 도매업,,,,
넥스트씨앤씨,중소기업,서울 금천구,커피 가공업,"1억 2,941만원(2024.12.31)",58억 5천만원(2024.12.31),김헌,2011.05.06(15년차)
넥스트씨앤씨,중소기업,충남 아산시,전자상거래 소매 중개업,-,-,정선묵,-
원성종합건설,중소기업,강원 원주시,단독 주택 건설업,12억원(2017.12.31),40억 7천만원(2017.12.31),목영춘,2008.07.03(18년차)
거산,중소기업,경기 광주시,액체 여과기 제조업,10억원(2024.12.31),83억 4천만원(2024.12.31),김길호,1992.02.01(34년차)
거산,중소기업,서울 구로구,주류 도매업,"1억 5,000만원(2021.12.31)",38억 2천만원(2021.12.31),강근환,1977.06.24(49년차)
거산,중소기업,경북 경주시,건물용 금속공작물 설치 공사업,"7억 5,000만원(2023.12.31)",78억 8천만원(2023.12.31),권철순,1991.11.19(35년차)
거산,중소기업,경기 포천시,"플라스틱 포대, 봉투 및 유사제품 제조업","1억 5,000만원(2024.12.31)",64억 5천만원(2024.12.31),우광순,2011.10.19(15년차)
거산,중소기업,인천 남동구,물류·운송·배송,,,,
거산,중소기업,충남 서산시,건물 및 토목 엔지니어링 서비스업,,,,
거산,중소기업,경기 화성시,플라스틱물질 및 합성고무 도매업,,,,
거산,중소기업,경기 김포시,주형 및 금형 제조업,,,,
거산,중소기업,서울 양천구,학원·어학원·교육원,,,,
거산,중소기업,인천 남동구,그 외 기타 전자부품 제조업,,,,
대풍,중견기업,경기 안산시,자동차 차체용 신품 부품 제조업,43억원(2024.12.31),327억 3천만원(2024.12.31),황득섭,2002.04.15(24년차)
대풍,중소기업,전남 광양시,식품가공,14억원5만원,73억 2천만,박종문,2014.06.27(12년차)
대풍,중소기업,경남 김해시,사료 도매업,"5,000만원(2023.12.31)",36억 9천만원(2023.12.31),김삼곤,2019.06.17(7년차)
대풍,중소기업,경기도 화성시,이동전화기 제조업,-,-,박용식,-
대풍,중소기업,대구 달서구,자동차 엔진용 신품 부품 제조업,104억 2천만원(2024.12.31),258억 3천만원(2024.12.31),도경택/아와츠시게키,2001.06.21(25년차)
대풍,중소기업,서울 광진구,컴퓨터·하드웨어·장비,-,-,서창원,-
대풍,중소기업,경기 남양주시,백화점·유통·도소매,-,-,임형석,2009.09.10(17년차)
대풍,중소기업,부산 남구,간판 및 광고물 제조업,"5,000만원(2018.12.31)","3억 5,099만원(2018.12.31)",강명석,2008.03.25(18년차)
대풍,중소기업,경기 고양시,조경 건설업,"4억 2,000만원(2022.12.31)",20억 3천만원(2022.12.31),김형옥,2005.06.21(21년차)
대풍,중소기업,경기 연천군,물류·운송·배송,-,-,서재철,2020.08.25(6년차)
디지테크,중소기업,서울 강서구,컴퓨터·하드웨어·장비,5억원,-,이병준,2000.01.08(26년차)
디지테크,중소기업,경기 군포시,기타 전기 변환장치 제조업,1억원(2023.12.31),55억 9천만원(2023.12.31),심규석,2011.05.18(15년차)
디지테크,중소기업,경기 수원시,가전제품 수리업,"1,731만원(2023.12.31)","7억 6,657만원(2023.12.31)",전성용,2022.01.01(4년차)
케이메탈,중소기업,부산 강서구,"탭, 밸브 및 유사장치 제조업","4억 2,977만원(2021.12.31)",33억 5천만원(2021.12.31),박영근,2017.08.01(9년차)
씨엠코리아,외국계(외국 투자기업),서울 중구,물류·운송·배송,"1억 5,000만원",160억 6772만,박재서/로렌트올메타,2006.01.01(20년차)
씨엠코리아,중소기업,경기 수원시,반도체·디스플레이·광학,3억원,-,강승동,2010.01.18(16년차)
씨엠코리아,중소기업,충남 아산시,도장 및 기타 피막처리업,1억원(2023.12.31),44억 7백만원(2023.12.31),윤석헌,2015.11.02(11년차)
씨엠코리아,중소기업,서울 강서구,스포츠·여가·레저,2억원,3억,이정수,2016.09.23(10년차)
씨엠코리아,중견기업,경기 화성시,전기용 기계.장비 및 관련 기자재 도매업,14억 7천만원(2024.12.31),"2,019억 9천만원(2024.12.31)",김창완/조병찬,2020.10.27(6년차)
씨엠코리아,중소기업,서울 강남구,컴퓨터·하드웨어·장비,"4억 1,142만원(2022.12.31)",22억 6천만원(2022.12.31),박기민,2000.07.19(26년차)
씨엠코리아,중소기업,서울 종로구,건설ㆍ광업용 기계 및 장비 도매업,-,-,정재진,2018.11.01(8년차)
씨엠코리아,중소기업,경남 창원시,무역·상사,-,-,최춘희,-
씨엠코리아,중소기업,서울 강서구,디자인·CAD,-,-,김동기,2007.09.01(19년차)
씨엠코리아,중소기업,경기 화성시,커피 및 차류 도매업,-,-,조선욱,2012.02.15(14년차)
보람상조실로암,중소기업,서울 송파구,장례식장 및 장의관련 서비스업,15억 2천만원(2024.12.31),18억 3천만원(2024.12.31),오준오,2006.10.16(20년차)
청담산업개발,중소기업,경기 포천시,아파트 건설업,8억원(2024.12.31),-,양경빈,2016.07.21(10년차)
에스티원즈,중소기업,서울 강남구,시스템 소프트웨어 개발 및 공급업,1억원(2023.12.31),23억 4천만원(2023.12.31),전병석,2013.07.03(13년차)
금성건설,중견기업,대전 서구,아파트 건설업,22억 8천만원(2024.12.31),"1,122억 5천만원(2024.12.31)",원광섭,1992.11.30(34년차)
금성건설,중소기업,대전 중구,토목시설물 건설업,37억 1천만원(2024.12.31),283억 2천만원(2024.12.31),김석원/김주일,1970.04.04(56년차)
금성건설,중소기업,서울 동작구,건물 건설업,7억원(2024.12.31),87억 7천만원(2024.12.31),김남성,1996.08.31(30년차)
금성건설,중소기업,경기 여주시,주거용 건물 개발 및 공급업,"5,000만원(2022.12.31)","1억 3,000만원(2022.12.31)",김규완,2015.06.29(11년차)
금성건설,중소기업,서울 송파구,내부 통신배선 공사업,"1억 7,000만원(2023.12.31)","2억 4,771만원(2023.12.31)",윤영신,2006.10.24(20년차)
금성건설,중소기업,경기 부천시,건물 건설업,5억원(2023.12.31),80억 8천만원(2023.12.31),최중석,2013.02.05(13년차)
금성건설,중소기업,경기 고양시,건설ㆍ광업용 기계 및 장비 도매업,-,-,강연수,-
금성건설,중소기업,서울 마포구,건물설비 설치 공사업,-,-,노기섭,1986.02.10(40년차)
대성에너지,중소기업,충남 당진시,지정 외 폐기물 처리업,133억 4백만원(2024.12.31),253억 6천만원(2024.12.31),김형주/이행만,2017.12.04(9년차)
대성에너지,중소기업,경기 시흥시,"전자코일, 변성기 및 기타 전자 유도자 제조업","5,000만원(2023.12.31)",61억 7천만원(2023.12.31),소정화,2012.07.01(14년차)
대성에너지,중견기업,대구 달서구,사업시설 유지.관리 서비스업,9억원(2022.12.31),48억 9천만원(2022.12.31),안봉환,2019.07.01(7년차)
대성에너지,중견기업,대구 남구,건축·설비·환경,-,-,안봉환,-
대성에너지,중소기업,강원 원주시,비주거용 건물 임대업,2억원(2024.12.31),108억 5천만원(2024.12.31),최재환,2016.07.20(10년차)
대성에너지,중소기업,대구 중구,시설관리·보안·경비,-,-,안봉환,-
대성에너지,중소기업,대구 동구,사업시설 유지.관리 서비스업,9억원(2022.12.31),33억 5천만원(2022.12.31),안봉환,2018.07.01(8년차)
대성에너지,중소기업,경북 경산시,건축·설비·환경,-,-,안봉환,-
광호,중소기업,경기 광주시,기계·기계설비,-,-,이경해,1990(36년차)
광호,중소기업,전남 여수시,"금속 문, 창, 셔터 및 관련제품 제조업","5,000만원(2024.12.31)",57억원4십만원(2024.12.31),정인수,2000.01.18(26년차)
광호,중소기업,전남 나주시,"콘크리트 타일, 기와, 벽돌 및 블록 제조업","6억 8,000만원(2022.12.31)",71억 9천만원(2022.12.31),노강호,1990.10.20(36년차)
광호,중소기업,서울 도봉구,건설·시공·토목·조경,2억원(2020.12.31),21억 7천만원(2020.12.31),임종갑,2018.11.28(8년차)
스카이라인스포츠,중소기업,서울 영등포구,운동 및 경기용구 제조업,3억원(2018.09.30),18억 6천만원(2018.09.30),라성환,1972.10.10(54년차)
페르소나미디어,중소기업,서울 강남구,광고 대행업,1억원(2022.12.31),25억 9천만원(2022.12.31),박지현,2015.09.16(11년차)
백송,중견기업,서울특별시 도봉구,시설관리·보안·경비,5억원,93억 4천만,이상희,2015.03.11(11년차)
백송,중소기업,인천 미추홀구,전기·전자·제어,2억원,860억,최동호,1995.04.20(31년차)
백송,중소기업,경남 밀양시,건물 건설업,"6억 8,020만원(2024.12.31)",74억 3천만원(2024.12.31),유석영,2020.05.11(6년차)
백송,중소기업,대구 북구,아파트 건설업,34억원(2024.09.30),156억 9천만원(2024.09.30),김민재/이우필,1996.10.15(30년차)
백송,중소기업,경기 안양시,내부 전기배선 공사업,2억원(2023.12.31),17억 7천만원(2023.12.31),박이호/배옥현,2002.01.28(24년차)
백송,중소기업,서울 중구,사람 분뇨 처리업,"1억 6,000만원(2022.12.31)",22억 3천만원(2022.12.31),정봉현,1974.10.01(52년차)
백송,중소기업,서울 송파구,건어물 및 젓갈류 도매업,"2,000만원(2023.12.31)",52억 4천만원(2023.12.31),정봉석,1997.06.01(29년차)
백송,중소기업,부산 부산진구,건축물 일반 청소업,"4,000만원(2023.12.31)","1억 7,254만원(2023.12.31)",김세진,2015.11.16(11년차)
백송,중소기업,경기 화성시,그 외 기타 전기장비 제조업,-,-,백종득,2016.08.03(10년차)
백송,중소기업,경기 김포시,건설·시공·토목·조경,-,-,송대현,-
인평,중소기업,인천 부평구,학교(초·중·고·대학·특수),-,-,adminBoss,-
에이치엠피,중소기업,경기 화성시,전자상거래 소매 중개업,-,-,이지선,2015.09.17(11년차)
가나씨앤피,중소기업,서울 중구,오프셋 인쇄업,"5,000만원(2021.12.31)",65억 3천만원(2021.12.31),조순호,2011.03.16(15년차)
가나씨앤피,중소기업,인천 남동구,화장품 및 화장용품 도매업,"1억 1,100만원(2024.12.31)",68억 8천만원(2024.12.31),이동표,1999.09.09(27년차)
케이원피에스,중소기업,서울 구로구,그 외 기타 금융 지원 서비스업,17억원,76억 4천만원(2024.12.31),강승구,2015.05.20(11년차)
에코라인,중소기업,경기 화성시,반도체·디스플레이·광학,3억원,-,이창용,2015.07.15(11년차)
에코라인,중소기업,경기 구리시,건설·시공·토목·조경,"5,000만원",102억,송기석,2011.06.14(15년차)
에스더블유건설,중소기업,경기 부천시,건축·설비·환경,-,-,김용해,-
동양메디텍,중소기업,광주 동구,의료기기 도매업,1억원(2024.12.31),91억 4천만원(2024.12.31),김기연,2011.06.28(15년차)
우리기술,중소기업,서울 강남구,금융리스업,420억원(2024.12.31),"1,902억 8천만원(2024.12.31)",이정훈,1996.12.18(30년차)
우리기술,중소기업,서울 마포구,전기·전자·제어,637억원,331억,노갑선,1993(33년차)
우리기술,중소기업,서울 금천구,기계·기계설비,1억원,114억 3천만원(2024.12.31),문일환,1993(33년차)
우리기술,중소기업,경기 수원시,"물질 검사, 측정 및 분석기구 제조업",66억원,118억-2020년,최영주,2002.08.10(24년차)
우리기술,중소기업,경기 광주시,"철물, 금속 파스너 및 수공구 도매업",-,-,유정수,2016.08.16(10년차)
우리기술,중소기업,세종 장군면,건축·설비·환경,-,-,박나영,-
우리기술,중소기업,부산 해운대구,건설·시공·토목·조경,1억원,11억2천만,이석원,2013.06.17(13년차)
우리기술,중소기업,서울 서초구,건설·시공·토목·조경,2억원,20억,허태현,2014.11.07(12년차)
우리기술,중소기업,부산 강서구,합성수지선 건조업,1억원(2024.12.31),41억 1천만원(2024.12.31),윤석봉,2008.05.21(18년차)
우리기술,중소기업,경남 창원시,응용 소프트웨어 개발 및 공급업,3억원(2024.12.31),30억 6천만원(2024.12.31),이병규,1997.07.01(29년차)
신일전산,중소기업,경남 진주시,컴퓨터·하드웨어·장비,-,-,박성근,2001.01.01(25년차)
전산컴프라자,중소기업,서울 용산구,"컴퓨터 및 주변장치, 소프트웨어 도매업",1억원(2023.12.31),157억 7천만원(2023.12.31),양진용,2003.05.07(23년차)
티에스씨,중견기업,경기 시흥시,합성수지 및 기타 플라스틱 물질 제조업,,,"황규성,황웅선",1968.01.01(58년차)
티에스씨,중소기업,경기 화성시,생활화학·화장품,-,-,김규진,2006.12.01(20년차)
티에스씨,중소기업,경기 군포시,전기용 기계.장비 및 관련 기자재 도매업,7억원(2024.12.31),143억 3천만원(2024.12.31),김기준,2016.07.12(10년차)
티에스씨,중소기업,경기 안산시,전기·전자·제어,1억원,200억,고경민,2000.10.01(26년차)
티에스씨,중소기업,서울 강서구,내부 통신배선 공사업,3억원(2023.12.31),61억 2천만원(2023.12.31),이승환,2003.05.15(23년차)
티에스씨,중소기업,충북 음성군,화학·에너지·환경,-,-,차윤근,2023.08.11(3년차)
티에스씨,중소기업,충북 음성군,화학·에너지·환경,"5억 5,000만원",210억,"황규성,남기생",1995.03.02(31년차)
티에스씨,중소기업,대구 동구,자동차 전문 수리업,"1억 5,000만원(2024.12.31)",29억 9천만원(2024.12.31),전병화,2018.04.16(8년차)
티에스씨,중소기업,경북 칠곡군,비계 및 형틀 공사업,500만원(2024.12.31),"7억 8,258만원(2024.12.31)",주현석,2023.01.17(3년차)
티에스씨,중소기업,서울 금천구,컴퓨터·하드웨어·장비,-,-,정달진,1999(27년차)
닛소남해아그로,중소기업,전남 여수시,화학 살균.살충제 및 농업용 약제 제조업,326억 4천만원(2024.03.31),334억 6천만원(2024.03.31),시미즈오사무/정낙용,2011.06.14(15년차)
서진금속,중소기업,경기 김포시,조경 건설업,,,,
서진금속,중소기업,경기 파주시,금속·재료·자재,,,,
서진금속,중소기업,경기 시흥시,그 외 기타 금속가공업,,,,
닷썸,중소기업,경기 파주시,광고·홍보·전시,,,,
프리코어,중소기업,경기 성남시,시스템 소프트웨어 개발 및 공급업,,,,
금강,중견기업,서울 강남구,섬유·의류·패션,,,,
금강,중견기업,서울특별시 송파구,자동차·조선·철강·항공,,,,
금강,중소기업,서울 강남구,건설·시공·토목·조경,,,,
금강,중견기업,서울특별시 송파구,강관 제조업,,,,
금강,중견기업,서울 서초구,그 외 기타 1차 철강 제조업,98억 6천만원(2024.12.31),"1,948억 7천만원(2024.12.31)",주광남/주성호,1977.01.12(49년차)
금강,국내 공공기관·공기업,충남 논산시,공기업·공공기관,-,-,김유혁,2003(23년차)
금강,공공기관,대전광역시 유성구,그 외 기타 협회 및 단체,-,-,정종선,1989.11.21(37년차)
금강,중소기업,서울 용산구,인테리어·자재,10억원,500억,문상호,1965(61년차)
금강,대기업,경남 창원시,백화점·유통·도소매,-,-,신용호,1954.10.30(72년차)
금강,중견기업,충북 음성군,자동차·조선·철강·항공,248억 6천만원,-,"전재범, 전장열",1979.08.08(47년차)
레오건설,중소기업,경기 여주시,단독 주택 건설업,33억원(2018.12.31),109억 3천만원(2018.12.31),김덕순,1992.06.11(34년차)
레오건설,중소기업,광주 북구,수중 공사업,,,,
삼우티이에스,중소기업,부산 사하구,기타 선박 건조업,,,,
제원,중소기업,서울 영등포구,체인화 편의점,,,,
제원,대기업,서울 도봉구,섬유·의류·패션,,,,
제원,중소기업,부산 사하구,기계·기계설비,,,,
제원,중소기업,제주 제주시,건설·시공·토목·조경,,,,
제원,중소기업,서울 강서구,배전반 및 전기 자동제어반 제조업,,,,
제원,중소기업,서울 구로구,무역·상사,,,,
제원,중소기업,경남 양산시,그 외 기타 건축 마무리 공사업,,,,
제원,중소기업,제주 제주시,일반 교과 학원,,,,
제원,중소기업,부산 영도구,기타 수상 운송지원 서비스업,1억원(2020.12.31),19억 4천만원(2020.12.31),이종환,1996.03.21(30년차)
제원,중소기업,서울 양천구,"컴퓨터 및 주변장치, 소프트웨어 도매업",,,,
유림개발,중소기업,경기 용인시,주거용 건물 개발 및 공급업,,,,
유림개발,중소기업,서울 종로구,비주거용 건물 임대업,,,,
유림개발,중소기업,경기 수원시,"부동산 중개, 자문 및 감정평가업",-,-,정경희,-
에스티엔,중견기업,서울 동대문구,완제 의약품 제조업,458억 6천만원(2024.12.31),"6,407억 3천만원(2024.12.31)",정재훈,2013.03.04(13년차)
에스티엔,대기업,충청북도 진천군,금속·재료·자재,237억원(2024.12.31),"3,343억 3백만원(2024.12.31)",김해근,2005.01.04(21년차)
에스티엔,중견기업,경기 화성시,플라스틱 접착처리 제품 제조업,1억원(2024.12.31),"1,274억 4천만원(2024.12.31)",박준홍,1999.12.02(27년차)
에스티엔,중견기업,인천 연수구,완제 의약품 제조업,190억원(2024.12.31),588억 6천만원(2024.12.31),최경은,2015.04.01(11년차)
에스티엔,중견기업,경기 안산시,기타 1차 비철금속 제조업,85억원(2024.12.31),"1,408억 7백만원(2024.12.31)",김종현,1986.08.25(40년차)
에스티엔,중소기업,충남 천안시,전기·전자·제어,"9억 9,000만원",236억,이흥영,2009.11.18(17년차)
에스티엔,중소기업,서울 강남구,화학·에너지·환경,4억원,379억 5백만원(2024.12.31),나태화,2010.12.01(16년차)
에스티엔,중견기업,경기 안성시,반도체 제조용 기계 제조업,79억 1천만원(2024.12.31),"3,165억 7천만원(2024.12.31)",서인수/이우석,1997.07.10(29년차)
에스티엔,중견기업,서울 강남구,고체연료 및 관련제품 도매업,97억 4천만원(2024.12.31),"3,030억 7천만원(2024.12.31)",하길용,1962.12.20(64년차)
에스티엔,중견기업,서울 구로구,학원·어학원·교육원,,,,
부흥물류,중소기업,서울 양천구,"화물운송 중개, 대리 및 관련 서비스업",1억원(2020.12.31),50억 2천만원(2020.12.31),박순동,2012.03.01(14년차)
아이플래테아,중소기업,서울 송파구,시스템 소프트웨어 개발 및 공급업,22억 3천만원(2021.12.31),"5,835만원(2021.12.31)",조영봉,2011.01.04(15년차)
엠에스라인이엔지,벤처기업,경기 이천시,제약·보건·바이오,-,-,함재상,2011.04.06(15년차)
에스디,중견기업,경기 용인시,의료용품 및 기타 의약 관련제품 제조업,"1억 3,723만원(2024.12.31)","1,626억 5천만원(2024.12.31)",정재호,1999.02.01(27년차)
에스디,중소기업,경기 성남시,교통 신호장치 제조업,66억 4천만원(2024.12.31),180억 6천만원(2024.12.31),박봉용,2001.04.28(25년차)
에스디,대기업,경북 구미시,인쇄회로기판용 적층판 제조업,202억원(2024.12.31),156억 6천만원(2024.12.31),한진섭/홍성하,2004.11.01(22년차)
에스디,중소기업,경기 광주시,구두류 제조업,7억원(2024.12.31),606억 2천만원(2024.12.31),이원식,1999.01.01(27년차)
에스디,중소기업,경기 부천시,식품가공,11억원,230억,노성수,2015.11.01(11년차)
에스디,중소기업,경기 과천시,솔루션·SI·CRM·ERP,"5,000만원",275억,윤웅희,2005.12.15(21년차)
에스디,중소기업,충남 금산군,자동차·조선·철강·항공,3억원,110억,신찬수,2007.01.02(19년차)
에스디,중소기업,서울 성동구,인테리어·자재,2억원,52억,송우진,2015.08.18(11년차)
에스디,중소기업,서울 서초구,"물질 검사, 측정 및 분석기구 제조업",13억 8백만원(2024.12.31),64억 7천만원(2024.12.31),서청수,2010.10.11(16년차)
하당코오롱스포츠,중소기업,전남 무안군,운동 및 경기용품 도매업,"1억 5,000만원(2019.12.31)",11억 3천만원(2019.12.31),박춘복,2012.03.06(14년차)
케이디씨,중소기업,경기 고양시,일반용 전기 조명장치 제조업,5억원(2024.12.31),170억 2천만원(2024.12.31),추건국,2003.02.06(23년차)
케이디씨,중소기업,서울 강남구,건설·시공·토목·조경,"5,000만원(2022.12.31)",,신경화,2010.04.01(16년차)
케이디씨,중소기업,인천 연수구,백화점·유통·도소매,-,-,"홍광화, 홍용찬",1981.07.30(45년차)
케이디씨,중소기업,경기 화성시,전기·전자·제어,-,415억,은해정,2002.06.01(24년차)
케이디씨,중소기업,경남 창원시,화물자동차 및 특수목적용 자동차 제조업,2억원(2023.12.31),149억 4천만원(2023.12.31),서한종,2015.09.18(11년차)
케이디씨,중소기업,경기 남양주시,건설·시공·토목·조경,1억원,2021년 25억,김태훈,2019.07.17(7년차)
케이디씨,중소기업,서울 강서구,"전구, 램프 및 조명장치 도매업","1,000만원(2020.12.31)",15억 7백만원(2020.12.31),추건국,2011.04.11(15년차)
케이디씨,대기업 계열사·자회사,경기 이천시,건축·설비·환경,-,-,최수현,-
케이디씨,중소기업,경기 광주시,경영 컨설팅업,-,-,한봉우,2021.01.19(5년차)
케이디씨,중소기업,서울 서초구,기타 부동산 개발 및 공급업,3억원,-,오상철,2020.07.23(6년차)
미래기술,중소기업,경기 군포시,산업용 로봇 제조업,8억원(2017.12.31),3억원(2017.12.31),이재성,2014.02.12(12년차)
미래기술,중소기업,서울 금천구,배전반 및 전기 자동제어반 제조업,8억원(2024.12.31),35억 3천만원(2024.12.31),전병덕,1999.01.02(27년차)
미래기술,중소기업,강원 원주시,건설·시공·토목·조경,8억원,50억,박원일,1995.04.08(31년차)
미래기술,중소기업,경기 부천시,금속 절삭기계 제조업,"5,000만원(2024.12.31)","6억 7,346만원(2024.12.31)",김영길,2014.09.01(12년차)
미래기술,중소기업,서울 구로구,시스템 소프트웨어 개발 및 공급업,15억원,200백억,배창용,2005.07.07(21년차)
미래기술,중소기업,경기 안산시,육상 금속 골조 구조재 제조업,"8,500만원(2024.12.31)",17억 4천만원(2024.12.31),송재성,2015.11.10(11년차)
미래기술,중소기업,충청남도 아산시,기계·기계설비,20억원,34억,신승무,2012.08.10(14년차)
미래기술,중소기업,경기 성남시,솔루션·SI·CRM·ERP,-,-,김균영/김미래,-
미래기술,중소기업,서울 동대문구,"플라스틱 선, 봉, 관 및 호스 제조업","7,400만원(2022.12.31)","7억 3,168만원(2022.12.31)",주복자,2020.07.01(6년차)
미래기술,중소기업,경남 창원시,기타 토목시설물 건설업,"2억 5,000만원(2024.12.31)",30억 6천만원(2024.12.31),안창환,2013.08.22(13년차)
클레버,중소기업,서울 금천구,광고 대행업,-,-,전애진,2018.04.19(8년차)
클레버,중소기업,경기 성남시,전기·전자·제어,-,-,강경석,2019.01.09(7년차)
클레버,중소기업,경북 예천군,지반조성 건설업,-,-,김봉규,-
클레버,중소기업,울산 남구,시스템 소프트웨어 개발 및 공급업,"3,000만원(2024.12.31)",15억 8천만원(2024.12.31),최형준,2019.11.08(7년차)
클레버,중소기업,대전 유성구,컴퓨터·하드웨어·장비,2억원,27억,최영민,2008.10.15(18년차)
클레버,중소기업,경기 부천시,광고·홍보·전시,-,-,고은별,2023.05.26(3년차)
클레버,중소기업,서울 강남구,포털 및 기타 인터넷 정보매개 서비스업,"1억 5,000만원(2023.12.31)","1억 5,008만원(2023.12.31)",최형운,2019.10.15(7년차)
클레버,중소기업,서울 강남구,경영 컨설팅업,-,-,임세진,2018.11.10(8년차)
클레버,중소기업,서울 마포구,물류·운송·배송,3억원,60억,황도근,2010.11.18(16년차)
클레버,중소기업,서울 서초구,그 외 기타 광고 관련 서비스업,"1,000만원(2023.12.31)","5억 1,370만원(2023.12.31)",정남우,2023.06.12(3년차)
비케이전기통신,중소기업,서울 종로구,내부 통신배선 공사업,2억원(2024.12.31),"1억 6,690만원(2024.12.31)",유봉근,2011.05.24(15년차)
대일특수강,중소기업,대구 달서구,1차 금속제품 도매업,"5,000만원(2023.12.31)",49억 3천만원(2023.12.31),박영희,2004.11.24(22년차)
홍진테크,중소기업,경기 시흥시,백화점·유통·도소매,2억원,200억,김태성,2003.08.01(23년차)
티에스에이,대기업,서울 강남구,무선 및 위성 통신업,500억원(2024.12.31),"1,882억 1천만원(2024.12.31)",서영수,2012.12.04(14년차)
티에스에이,중소기업,서울 강남구,손해 사정업,,,박현문,2011.07.01(15년차)
티에스에이,중소기업,경기 용인시,전기·전자·제어,10억원,550억,배현철,2004.08.24(22년차)
티에스에이,중견기업,경기 군포시,기기용 자동측정 및 제어장치 제조업,130억 6천만원(2024.12.31),215억 5백만원(2024.12.31),정성원,1998.12.21(28년차)
티에스에이,중소기업,경기 부천시,전기·전자·제어,3억원,30억,정재한,2003.12.08(23년차)
티에스에이,중소기업,서울 구로구,응용 소프트웨어 개발 및 공급업,1억원(2024.12.31),26억 4천만원(2024.12.31),오세용,2010.03.08(16년차)
티에스에이,중소기업,울산 울주군,선박 구성 부분품 제조업,"9억 9,500만원(2024.12.31)",161억 8천만원(2024.12.31),강승호,1986.09.13(40년차)
티에스에이,중소기업,경기 성남시,상품 종합 도매업,,,한만종,2011.07.01(15년차)
티에스에이,중소기업,인천 남동구,응용 소프트웨어 개발 및 공급업,"4억 9,300만원(2024.12.31)",10억 1천만원(2024.12.31),태석호,2019.10.10(7년차)
이지웰,중소기업,경기 용인시,전지 및 케이블 도매업,-,-,홍상희,2014.09.23(12년차)
이지웰,대기업 계열사·자회사,서울 서대문구,IT컨설팅,118억원,"1,300억",장영순,2003.01.14(23년차)
광우정보통신,중소기업,경기 안양시,전기·전자·제어,"5억 5,000만원",200억,펑쩌,1997(29년차)
진바이오테크,벤처기업,충남 천안시,제약·보건·바이오,-,-,이화정,2009(17년차)
진바이오테크,중소기업,서울 강동구,제약·보건·바이오,-,-,박상훈,-
노원교육복지재단,비영리단체·교육재단,서울 노원구,건축·설비·환경,-,-,유기학,-
에스디씨컨스트룩,중소기업,경기도 남양주시,육상 금속 골조 구조재 제조업,"4억 2,500만원(2024.12.31)",40억 2천만원(2024.12.31),김태호,2012.04.01(14년차)
태명,중견기업,경기 이천시,금속·재료·자재,50억원,120만원,주정민,1984(42년차)
태명,중견기업,서울 강남구,콘크리트 관 및 기타 구조용 콘크리트 제품 제조업,51억원(2024.12.31),953억 4천만원(2024.12.31),주정민,1983.05.01(43년차)
태명,중소기업,경기 화성시,농업 및 임업용 기계 제조업,2억원(2021.12.31),"2,720만원(2021.12.31)",김현진,2017.01.02(9년차)
태명,중소기업,서울 동작구,기타 식품 제조업,,,,
태명,중소기업,경기 시흥시,산업처리공정 제어장비 제조업,,,,
태명,중소기업,충북 진천군,일반용 도료 및 관련제품 제조업,,,,
태명,중소기업,서울 중구,기타 산업용 기계 및 장비 도매업,,,,
태명,중소기업,대전 서구,건설·시공·토목·조경,,,,
태명,중소기업,경기 의왕시,비금속광물 분쇄물 생산업,,,,
태명,중소기업,서울 송파구,백화점·유통·도소매,,,,
피유테크,중소기업,경기 용인시,반도체·디스플레이·광학,,,,
피유테크,중소기업,경기 안양시,배전반 및 전기 자동제어반 제조업,,,,
피유테크,외국계(외국 법인기타),경기 화성시,전기·전자·제어,,,,
피유테크,중소기업,경기 성남시,건설·시공·토목·조경,,,,
피유테크,벤처기업,서울 금천구,모바일·APP,-,45억,황보 창환,2003.11.11(23년차)
피유테크,중소기업,충북 충주시,플라스틱 접착처리 제품 제조업,14억 6천만원(2024.12.31),164억 9천만원(2024.12.31),정명재,2007.01.17(19년차)
피유테크,대기업 계열사·자회사,서울 중구,은행·금융,-,-,옥형석,2022.07.05(4년차)
피유테크,중소기업,경기 시흥시,주형 및 금형 제조업,12억원(2016.12.31),41억 5천만원(2016.12.31),김재훈,2003.06.27(23년차)
피유테크,중소기업,광주 광산구,배전반 및 전기 자동제어반 제조업,-,-,임명완,-
피유테크,중소기업,전북 전주시,그 외 기타 의료용 기기 제조업,"4억 1,000만원(2024.12.31)","3억 1,340만원(2024.12.31)",최요성,2017.04.14(9년차)
엘소,중소기업,경남 창원시,임시 및 일용 인력 공급업,5억 100만원(2024.12.31),97억 6천만원(2024.12.31),고광민,1994.11.10(32년차)
엘소,중소기업,부산 부산진구,전자상거래 소매업,-,-,정성훈,2010.12.10(16년차)
엘소,중소기업,서울 송파구,전기ㆍ전자공학 연구개발업,"5,000만원(2024.12.31)","3억 2,668만원(2024.12.31)",김정훈,2013.08.08(13년차)
에이켐텍,중소기업,경기 김포시,합성수지 및 기타 플라스틱 물질 제조업,4억원(2018.12.31),28억 3천만원(2018.12.31),권기환,2015.02.05(11년차)
엔시큐리티,중소기업,부산 해운대구,컴퓨터시스템 통합 자문 및 구축 서비스업,-,-,김태형,-
엔시큐리티,중소기업,인천 미추홀구,시설관리·보안·경비,-,-,전용범/이상수,2018(8년차)
티시,중견기업,서울 중구,도로 화물 운송업,150억원(2024.12.31),"6,591억 7천만원(2024.12.31)",류주환,1973.07.20(53년차)
티시,중소기업,서울 광진구,시계 및 귀금속제품 도매업,,,,
티시,중소기업,서울 마포구,무역·상사,,,,
티시,중소기업,경북 포항시,건설 및 채광용 기계장비 제조업,,,,
티시,중소기업,경기 파주시,스크린 인쇄업,,,,
티시,중소기업,서울 마포구,셔츠 및 블라우스 제조업,,,,
티시,중소기업,충북 음성군,식품가공,,,,
티시,중소기업,경북 칠곡군,자동차·조선·철강·항공,,,,
티시,중소기업,경기 용인시,그 외 기타 기계 및 장비 도매업,,,,
티시,중소기업,대전 유성구,기계·기계설비,,,,
글로벌허브,중소기업,경기 성남시,백화점·유통·도소매,1억원,16년 기준 25억,서원택,2013.10.01(13년차)
글로벌허브,비영리단체·교육재단,인천 연수구,제약·보건·바이오,,,,
글로벌허브,벤처기업,서울 동대문구,백화점·유통·도소매,,,,
혜성원,비영리단체·교육재단,경기 안성시,사회복지·요양,,,,
블루엔지니어링,중소기업,충남 천안시,건물용 기계.장비 설치 공사업,-,-,박승철,-
이음,중소기업,경기 평택시,기타 반도체소자 제조업,-,-,한정숙,2020.07.01(6년차)
이음,중소기업,경기 남양주시,솔루션·SI·CRM·ERP,1억원,20억,이상훈,2014.09.15(12년차)
이음,중소기업,서울 서초구,사업시설 유지.관리 서비스업,"1억 1,000만원(2022.12.31)",12억 1천만원(2022.12.31),남훈,2017.01.13(9년차)
이음,중소기업,경북 경산시,콜센터·아웃소싱·기타,3억원,65억,이지양,2010.04.05(16년차)
이음,중소기업,경기 안양시,"영화, 비디오물 및 방송프로그램 제작 관련 서비스업","5,000만원(2022.12.31)",18억 7천만원(2022.12.31),안정후,2014.06.17(12년차)
이음,중소기업,서울 서초구,시각 디자인업,2억원(2024.12.31),42억원4십만원(2024.12.31),안장원,2006.06.10(20년차)
이음,중소기업,서울 금천구,기계·기계설비,,,채재묵,2009.04.14(17년차)
이음,벤처기업,서울 강남구,컨설팅·연구·조사,14억 4천만원(2023.12.31),,김기완,2020.02.15(6년차)
이음,중소기업,경북 칠곡군,"전자코일, 변성기 및 기타 전자 유도자 제조업",5억원(2019.12.31),32억 1천만원(2019.12.31),김정균,2015.11.16(11년차)
이음,중소기업,인천 부평구,상용 인력 공급 및 인사관리 서비스업,-,-,하효준,-
허브시스템즈,중소기업,서울 강남구,전기·전자·제어,-,-,박형광,2020.08.28(6년차)
이에스미트,중소기업,부산 북구,상품 종합 도매업,"1억 5,000만원(2023.12.31)",107억 6천만원(2023.12.31),최재호,2018.07.02(8년차)
메타약품,중소기업,서울 서초구,제약·보건·바이오,13억 7백만원,205억원(23년),이수진,2019.02.20(7년차)
케이씨에프,중소기업,서울 강남구,시장조사 및 여론조사업,15억 3천만원(2020.06.30),47억 7천만원(2020.06.30),이병일,2015.04.10(11년차)
케이씨에프,중소기업,광주 광산구,화장품 및 화장용품 도매업,"5억 1,000만원(2023.12.31)",-,김범철,2008.02.15(18년차)
케이씨에프,중소기업,경북 구미시,전기·전자·제어,-,-,전희권,-
케이씨에프,중소기업,경기 안산시,기체 여과기 제조업,"2억 5,000만원(2023.12.31)","6억 4,727만원(2023.12.31)",송재은,2017.06.01(9년차)
케이씨에프,중소기업,서울 구로구,응용 소프트웨어 개발 및 공급업,"5,000만원(2021.12.31)",20억 4천만원(2021.12.31),이형진,2002.07.09(24년차)
케이씨에프,중소기업,서울 구로구,전기용 기계.장비 및 관련 기자재 도매업,"1,000만원(2021.12.31)","5억 5,009만원(2021.12.31)",호진숙,2018.11.23(8년차)
케이씨에프,중소기업,경기 용인시,"그 외 기타 분류 안된 전문, 과학 및 기술 서비스업",,,,
케이씨에프,중소기업,서울 광진구,백화점·유통·도소매,,,,
케이씨에프,중소기업,서울 강북구,음식료·외식·프랜차이즈,,,,
케이씨에프,중소기업,경기 화성시,음식료·외식·프랜차이즈,,,,
코스켐,중소기업,전북 익산시,기타 화학물질 및 화학제품 도매업,3억원(2024.12.31),80억 6천만원(2024.12.31),김영삼,2008.01.14(18년차)
코스켐,중소기업,경기 안양시,무역·상사,"5,000만원",15억,김호성,1999.07.05(27년차)
코스켐,중소기업,대구 달성군,석유화학계 기초 화학물질 제조업,10억 9천만원(2024.12.31),76억 4천만원(2024.12.31),손병철,2018.11.01(8년차)
태평양감정평가법인부산경남지사,중견기업,부산 부산진구,부동산·중개·임대,44억원,27억7천,박진영,1991.07.01(35년차)
영남통신,중소기업,부산 금정구,네트워크·통신서비스,3억원,10억원,박건영,2016.01.05(10년차)
영남통신,중소기업,경남 진주시,내부 통신배선 공사업,16억 1천만원(2024.12.31),"5억 5,514만원(2024.12.31)",최상문,1992.06.20(34년차)
힘찬푸드,중소기업,경기 부천시,컨설팅·연구·조사,-,-,홍진석,-
옴니매니지먼트,중소기업,서울 강서구,광고·홍보·전시,-,-,Chung Monica,2018.07.04(8년차)
에스앤에스,중견기업,서울 종로구,상용 인력 공급 및 인사관리 서비스업,3억원(2024.12.31),"1,084억 8천만원(2024.12.31)",이재욱,2004.03.12(22년차)
에스앤에스,중소기업,대구 달서구,전기·전자·제어,-,-,정수홍,2001.02.22(25년차)
에스앤에스,중소기업,서울 강남구,음식료·외식·프랜차이즈,-,-,박연주/장미숙,-
에스앤에스,중소기업,대구 수성구,그 외 기타 상품 전문 도매업,"1,000만원(2024.12.31)",226억 2천만원(2024.12.31),이성민,2011.04.01(15년차)
에스앤에스,중소기업,경기 여주시,전기·전자·제어,,,,
에스앤에스,중소기업,경기 안양시,시설관리·보안·경비,,,,
에스앤에스,중소기업,경기 이천시,그 외 기타 전자부품 제조업,,,,
에스앤에스,중소기업,서울 종로구,사업시설 유지.관리 서비스업,3억원(2017.12.31),39억 9천만원(2017.12.31),안재구,2007.09.28(19년차)
에스앤에스,중소기업,서울 송파구,상용 인력 공급 및 인사관리 서비스업,2억원(2016.12.31),83억 6천만원(2016.12.31),정성문,2011.07.01(15년차)
에스앤에스,중견기업,충남 보령시,금속 단조제품 제조업,24억 5천만원(2024.12.31),"1,719억 4천만원(2024.12.31)",양주현,1968.04.12(58년차)
신용상사,중소기업,경기 고양시,물류·운송·배송,-,-,이정권,-
신용상사,중소기업,대구 서구,물류·운송·배송,-,-,김도순,-
신용상사,중소기업,부산 사하구,건어물 및 젓갈류 도매업,-,-,부연실,2010.04.19(16년차)
유모스트,중소기업,울산 중구,통신.방송장비 및 부품 도매업,1억원(2024.12.31),818억 8천만원(2024.12.31),신깃발,2018.07.13(8년차)
동우엔지니어링,중소기업,서울 성동구,시설물 유지관리 공사업,3억원(2024.12.31),46억 3천만원(2024.12.31),이해나,2007.06.07(19년차)
동우엔지니어링,중소기업,강원 강릉시,건설·시공·토목·조경,-,-,송경석,2007.05.01(19년차)
동우엔지니어링,중소기업,경남 김해시,그 외 자동차용 신품 부품 제조업,2억원(2019.12.31),21억 7천만원(2019.12.31),박상우,2016.01.22(10년차)
동우엔지니어링,중소기업,대전 서구,건축설계 및 관련 서비스업,"2,000만원(2021.12.31)",10억 8천만원(2021.12.31),이복현,2020.10.13(6년차)
동우엔지니어링,중소기업,전북 전주시,기타 엔지니어링 서비스업,"2억 4,036만원(2023.12.31)","4억 1,506만원(2023.12.31)",이연재,2002.08.01(24년차)
동우엔지니어링,중소기업,경기 용인시,건축·설비·환경,-,-,서상원,-
이엔티컴,중소기업,경기 평택시,컨설팅·연구·조사,"6,000만원",53억1천7백만,고은태,2020.12.21(6년차)
잭슨카멜레온,중소기업,경기 포천시,기타 목재가구 제조업,"3억 4,819만원(2023.12.31)",143억 8천만원(2023.12.31),송재영/정봉윤/황두현,2015.01.08(11년차)
사이시옷,중소기업,경북 경주시,게임·애니메이션,"2억 5,100만원(2024.12.31)","3억 6,612만원(2024.12.31)",김경민,2018.09.08(8년차)
사이시옷,개인,서울 성북구,이용 및 미용업,-,-,정진주,2009(17년차)
티에스엠테크놀로지,중소기업,경기 성남시,시스템 소프트웨어 개발 및 공급업,"3억 5,000만원(2024.12.31)",23억 3천만원(2024.12.31),황명식,2018.10.10(8년차)
세기엔지니어링,중소기업,광주 서구,건설·시공·토목·조경,9억원,-,윤영랑,2008.08.07(18년차)
세기엔지니어링,중소기업,세종 소정면,건설·시공·토목·조경,-,-,최미희,-
세기엔지니어링,중소기업,대구 북구,건물 및 토목 엔지니어링 서비스업,"2억 5,000만원(2024.12.31)",22억 8백만원(2024.12.31),이창형,2013.05.01(13년차)
세기엔지니어링,중소기업,충북 청주시,건축·설비·환경,-,-,이영호,-
세기엔지니어링,중소기업,인천 미추홀구,자동차·조선·철강·항공,"4억 5,000만원",107억,이문희,1994(32년차)
세기엔지니어링,중소기업,울산 남구,산업용 냉장 및 냉동 장비 제조업,"6억 6,212만원(2021.12.31)",17억 4백만원(2021.12.31),최도일,1991.09.27(35년차)
세기엔지니어링,중소기업,인천 연수구,가전제품 및 부품 도매업,-,-,남상만,2003.02.07(23년차)
세기엔지니어링,개인,서울 은평구,건물설비 설치 공사업,1억원,분사전 50억,유승국,2019.01.16(7년차)
인더짐앤키즈킹,중소기업,경북 칠곡군,"전시, 컨벤션 및 행사 대행업","1억 1,000만원(2023.12.31)",17억 5천만원(2023.12.31),국미옥,2017.12.01(9년차)
유림테크,중소기업,경북 성주군,그 외 자동차용 신품 부품 제조업,21억 2천만원(2024.12.31),920억 5천만원(2024.12.31),조현호,2015.11.17(11년차)
유림테크,중소기업,부산 동구,비계 및 형틀 공사업,2억원(2024.12.31),67억 8천만원(2024.12.31),박종현,2012.03.13(14년차)
유림테크,중소기업,서울특별시 성동구,무역·상사,4억원,45억,유희철,1996.10.22(30년차)
유림테크,중소기업,제주 제주시,금속·재료·자재,-,-,김종만,2013.06.24(13년차)
유림테크,중소기업,서울 송파구,통신.방송장비 및 부품 도매업,"3,000만원(2019.12.31)","1,438만원(2019.12.31)",한규설,2019.10.21(7년차)
유림테크,중소기업,광주 광산구,전기·전자·제어,8억원,187억3천만,김용기,2018.01.01(8년차)
유림테크,중소기업,전남 장성군,그 외 기타 기계 및 장비 도매업,"5,000만원(2021.12.31)","7억 1,274만원(2021.12.31)",이제연,2019.12.30(7년차)
유림테크,중소기업,충남 아산시,전기·전자·제어,,,,
하이패스텔,중소기업,경기도 고양시,내부 통신배선 공사업,,,,
우성디앤씨,중소기업,경기 광주시,주거용 건물 개발 및 공급업,,,,
우성디앤씨,중소기업,전남 나주시,비주거용 건물 개발 및 공급업,,,,
퓨젠바이오,중소기업,서울 영등포구,그 외 기타 식료품 제조업,,,,
보문건설,중소기업,경남 김해시,"보링, 그라우팅 및 관정 공사업",,,,
바른이앤씨,중소기업,경기 수원시,토공사업,,,,
바른이앤씨,중소기업,경기 광명시,건설·시공·토목·조경,,,,
바른이앤씨,중소기업,경기 화성시,측량업,,,,
매디브,중소기업,서울 마포구,웹에이전시,,,,
아그루코리아,중소기업,경기 광주시,무역·상사,,,,
아그루코리아,중소기업,서울 강남구,무역·상사,,,,
이레전기안전,중소기업,부산 북구,일반전기 공사업,3억 500만원(2024.12.31),23억 8천만원(2024.12.31),구미정,2015.04.14(11년차)
이레전기안전,중소기업,경기 부천시,건물 및 토목 엔지니어링 서비스업,"3,000만원(2024.12.31)","8억 7,986만원(2024.12.31)",유제원,2018.07.04(8년차)
카나,중소기업,서울 서초구,무역·상사,2억원,350억,김대준,2007.07.31(19년차)
카나,중소기업,서울 강서구,전지 및 케이블 도매업,10억원(2016.12.31),102억 4천만원(2016.12.31),요시노세이이치,1999.11.11(27년차)
카나,중소기업,충남 계룡시,식품가공,"4,500만원",449억9027만원,양희권,1982.04.27(44년차)
카나,중소기업,서울 성동구,주류 도매업,"6,000만원(2021.12.31)",8억 3만원(2021.12.31),심주현,2004.05.01(22년차)
카나,중소기업,인천 서구,"화물운송 중개, 대리 및 관련 서비스업",3억원(2022.12.31),57억 4천만원(2022.12.31),변호근,2012.09.27(14년차)
카나,중소기업,서울 서초구,건축·설비·환경,2억원,40억,김대준,2018.01.22(8년차)
카나,중소기업,서울 강남구,출판·인쇄·사진,-,-,김명순,2013.05.15(13년차)
카나,중소기업,경기 화성시,기타 가정용 전기기기 제조업,"8억 7,850만원(2023.12.31)","6억 1,762만원(2023.12.31)",김태중,2018.01.26(8년차)
카나,중소기업,경기 고양시,"종이 원지, 판지, 종이상자 도매업",-,-,강국정,-
카나,비영리단체·교육재단,서울 성동구,제약·보건·바이오,-,-,최병채,2015.01.07(11년차)
와이에스씨,중소기업,대전 유성구,서양식 음식점업,"5,000만원(2019.12.31)",24억 6천만원(2019.12.31),유영옥,2015.09.24(11년차)
와이에스씨,중소기업,부산 강서구,그 외 기타 특수목적용 기계 제조업,"1,000만원(2024.12.31)","8억 6,144만원(2024.12.31)",조연상,2024.01.10(2년차)
와이에스씨,중소기업,경남 창원시,기타 반도체소자 제조업,"6억 2,000만원(2024.12.31)",21억 2천만원(2024.12.31),성충일,2007.04.24(19년차)
와이에스씨,중소기업,경기 시흥시,무역·상사,-,-,정영재,2018(8년차)
와이에스씨,중소기업,경남 창원시,기타 기술 및 직업훈련학원,"1,000만원(2022.12.31)",18억 6천만원(2022.12.31),문지영,2015.12.18(11년차)
코드쓰리,중소기업,서울특별시 금천구,게임·애니메이션,-,-,박희찬,-
휴스트,중소기업,서울 마포구,콜센터·아웃소싱·기타,"3억 7,500만원",180억,시주운,2013.01.01(13년차)
휴스트,중소기업,세종,그 외 기타 비거주 복지 서비스업,46억 6천만원(2024.12.31),70억 8천만원(2024.12.31),시주운/오광신,2017.04.25(9년차)
한국라디에터,중소기업,경기 양주시,그 외 자동차용 신품 부품 제조업,"5,000만원(2024.12.31)",11억 3천만원(2024.12.31),서상복,2008.07.21(18년차)
플러스엠디,중소기업,서울 마포구,"광고물 문안, 도안, 설계 등 작성업",-,-,백완기,2017.02.23(9년차)
플러스엠디,중소기업,서울 서초구,"기타 기술 시험, 검사 및 분석업","5,000만원(2020.12.31)","2억 5,411만원(2020.12.31)",김제태,2018.04.02(8년차)
플러스엠디,중소기업,서울 영등포구,경영 컨설팅업,-,-,최은미,2020.09.21(6년차)
세연종합건설,중소기업,서울 강남구,기타 토목시설물 건설업,,,,
에이앤지테크,중소기업,경기 부천시,기체 펌프 및 압축기 제조업,,,,
에이앤지테크,중소기업,경기 시흥시,"물질 검사, 측정 및 분석기구 제조업",,,,
성지산전,중소기업,경기도 광명시,전기·전자·제어,,,,
그린앤테크,중소기업,서울 용산구,건축물 일반 청소업,10억 9천만원(2020.12.31),"1,800만원(2020.12.31)",방양수,2010.12.01(16년차)
매직덩크,중소기업,경기 파주시,남녀용 겉옷 및 셔츠 도매업,"2억 1,000만원(2018.12.31)","4억 1,434만원(2018.12.31)",김정국,2016.08.12(10년차)
컨넥티드,중소기업,서울 강남구,IT컨설팅,"5,000만원",30억,손빈,2019.11.19(7년차)
뉴그린,중소기업,경기 화성시,목재 깔판류 및 기타 적재판 제조업,15억 5천만원(2015.12.31),156억 1천만원(2015.12.31),이윤기,1997.12.17(29년차)
뉴그린,중소기업,대전 서구,건물용 기계.장비 설치 공사업,2억원(2023.12.31),55억 1천만원(2023.12.31),박훈,2014.03.08(12년차)
뉴그린,중소기업,충북 음성군,금속선 가공제품 제조업,"8억 2,000만원",150억,김기환,1994.02.28(32년차)
뉴그린,중소기업,광주 광산구,컴퓨터 모니터 제조업,"4억 1,000만원(2024.12.31)",18억 9백만원(2024.12.31),배문자,2009.06.15(17년차)
뉴그린,중소기업,광주 광산구,그 외 기타 건축자재 도매업,"5,000만원(2024.12.31)",27억 2천만원(2024.12.31),오영관,2016.05.25(10년차)
뉴그린,중소기업,대구 동구,자동차 임대업,"5,000만원(2020.12.31)",19억 5천만원(2020.12.31),이동원,2004.01.01(22년차)
뉴그린,중소기업,부산 서구,"지정 외 폐기물 수집, 운반업","6,000만원(2023.12.31)","5,973만원(2023.12.31)",이상진,2023.10.04(3년차)
충호건설기계,개인,인천 부평구,건설 및 토목공사용 기계.장비 임대업,-,-,이승균,2006(20년차)
디에스산업,중소기업,전남 장흥군,레미콘 제조업,18억원(2024.12.31),141억 9천만원(2024.12.31),한정수,2007.02.02(19년차)
디에스산업,중소기업,경기 안산시,금속·재료·자재,-,-,이군재,-
디에스산업,중소기업,경기 성남시,컴퓨터·하드웨어·장비,"2,000만원(2018.12.31)",12억 4천만원(2018.12.31),우정하,2011.05.30(15년차)
디에스산업,중소기업,경남 김해시,선박 구성 부분품 제조업,"2억 5,000만원(2022.12.31)",19억 2천만원(2022.12.31),전증섭,2011.10.01(15년차)
디에스산업,중소기업,경기 하남시,1차 금속제품 도매업,4억원(2023.12.31),9억 607만원(2023.12.31),안규용,2014.07.07(12년차)
디에스산업,중소기업,경기 안산시,절삭가공 및 유사처리업,"6,000만원(2023.12.31)","6억 2,559만원(2023.12.31)",임선빈,2022.04.25(4년차)
디에스산업,중소기업,경남 창원시,콘크리트 및 철근 공사업,2억원(2019.12.31),896만원(2019.12.31),백승훈,2001.08.06(25년차)
디에스산업,중소기업,경기 광명시,건물 및 구축물 해체 공사업,2억원(2019.12.31),"7억 1,486만원(2019.12.31)",송희영,2016.04.20(10년차)
디에스산업,중소기업,부산 수영구,단독 주택 건설업,7억원(2022.03.31),"3,000만원(2022.03.31)",김판근,2011.05.31(15년차)
디에스산업,중소기업,서울 서초구,토목시설물 건설업,62억 2천만원(2024.12.31),-,이규용,2020.02.24(6년차)
디비케이,중소기업,경기 화성시,생활화학·화장품,7억원,118억원,이동욱,1994.09.01(32년차)
디비케이,중소기업,경기 의왕시,기타 반도체소자 제조업,58억 9천만원(2024.12.31),74억 3천만원(2024.12.31),이태우,2022.01.01(4년차)
디비케이,중소기업,서울 동작구,컴퓨터시스템 통합 자문 및 구축 서비스업,"6,000만원(2022.09.30)",11억 9백만원(2022.09.30),김종연,2012.11.20(14년차)
디비케이,중소기업,경기 구리시,백화점·유통·도소매,-,-,최상민,2012.08.30(14년차)
디지탈조명,중소기업,경기 파주시,일반용 전기 조명장치 제조업,23억원,400억,"신동안, 오선교",1975(51년차)
티에스케이,중견기업,서울 종로구,내부 통신배선 공사업,22억 3천만원(2024.12.31),"7,804억 3천만원(2024.12.31)",이응준,2015.09.08(11년차)
티에스케이,중견기업,서울 송파구,액체 여과기 제조업,43억 8천만원(2024.12.31),646억 2천만원(2024.12.31),김동진,1959.02.12(67년차)
티에스케이,대기업 계열사·자회사,서울 강남구,스포츠·여가·레저,"5억 1,300만원(2024.12.31)",490억 2천만원(2024.12.31),조세프패트릭마쉬,2019.10.08(7년차)
티에스케이,중소기업,경기 군포시,건물 및 토목 엔지니어링 서비스업,4억원(2023.12.31),38억 9천만원(2023.12.31),김기성,2018.07.05(8년차)
티에스케이,중소기업,경기 이천시,통신.방송장비 및 부품 도매업,"1,000만원(2022.12.31)",44억 9천만원(2022.12.31),박종근,2013.03.01(13년차)
티에스케이,중소기업,서울 성동구,통신 재판매업,4억원(2022.12.31),51억 6천만원(2022.12.31),정용길,2005.02.01(21년차)
티에스케이,중소기업,서울 구로구,통신.방송장비 및 부품 도매업,"1억 8,000만원(2017.12.31)",43억 6천만원(2017.12.31),강윤중,2010.01.29(16년차)
티에스케이,중견기업,전북 익산시,비금속류 원료 재생업,112억 7천만원(2024.12.31),97억 1백만원(2024.12.31),이재환,2011.12.19(15년차)
티에스케이,중소기업,서울 강남구,의료기기 도매업,-,-,박청원,-
티에스케이,비영리단체·교육재단,경기 광명시,시설관리·보안·경비,-,-,정성호,-
세웅건설,중소기업,경북 포항시,아파트 건설업,5억원(2021.12.31),58억 9천만원(2021.12.31),이종일,2008.02.01(18년차)
세웅건설,중소기업,경기 의정부시,유리 및 창호 공사업,6억원(2021.12.31),15억 1천만원(2021.12.31),이경미,2000.08.01(26년차)
세웅건설,중소기업,경기 평택시,토목시설물 건설업,12억원(2024.12.31),365억 4천만원(2024.12.31),김수원,2000.08.19(26년차)
에이치시스템,중소기업,서울특별시 금천구,네트워크·통신서비스,5억원,230억,박재용,2010.10.10(16년차)
에이치시스템,중소기업,서울 중구,솔루션·SI·CRM·ERP,"2억 5,000만원",100억,황병열,2004.03.05(22년차)
에이치시스템,중소기업,경기 수원시,기계·기계설비,4억원,20만원,이선재,1995.08.01(31년차)
에이치시스템,중소기업,서울 양천구,솔루션·SI·CRM·ERP,6억원,30억,임종혁,2001.02.06(25년차)
에이치시스템,중소기업,경북 구미시,산업용 냉장 및 냉동 장비 제조업,5억원(2023.12.31),25억6천만원,김국렬,2015.01.05(11년차)
에이치시스템,중소기업,광주 동구,그 외 기타 특수목적용 기계 제조업,-,-,이창민,2020.06.04(6년차)
에이치시스템,중소기업,경기도 김포시,"증류기, 열교환기 및 가스발생기 제조업",,,옥윤현,2016.12.12(10년차)
에이치시스템,중소기업,서울 강남구,가전제품 수리업,100만원(2023.12.31),24억 9천만원(2023.12.31),이창욱,2019.09.16(7년차)
에이치시스템,중소기업,대전 유성구,컴퓨터·하드웨어·장비,,,,
에이치시스템,중소기업,서울 구로구,솔루션·SI·CRM·ERP,"5,000만원",11억,유영웅,2012.08.06(14년차)
믿음수산유통,중소기업,경기 김포시,"신선, 냉동 및 기타 수산물 도매업","7,000만원(2024.12.31)",118억 7천만원(2024.12.31),김형석,2018.07.01(8년차)
조영이엔씨,중소기업,서울 강동구,기타 엔지니어링 서비스업,4억원(2019.12.31),"3억 7,815만원(2019.12.31)",이해일,1998.02.01(28년차)
제일기공,중소기업,부산 중구,자동차·조선·철강·항공,-,-,김종희,1990.11.19(36년차)
신라버스,중소기업,부산 사상구,시내버스 운송업,"5,000만원(2021.12.31)","5억 9,523만원(2021.12.31)",박성철,2008.02.21(18년차)
엠에스,대기업,서울 성동구,광고·홍보·전시,,,박태현,1980.05.13(46년차)
엠에스,중소기업,대구 달성군,축전지 제조업,"2,800억원(2024.03.31)","1,638억 5천만원(2024.03.31)",조현민,2011.06.03(15년차)
엠에스,중견기업,서울 영등포구,그 외 기타 기계 및 장비 도매업,465억원(2024.03.31),"5,591억 4천만원(2024.03.31)",사사히라나오요시,1995.03.17(31년차)
엠에스,중견기업,경북 경주시,자동차 차체용 신품 부품 제조업,345억 8천만원(2024.12.31),998억 6천만원(2024.12.31),이태규/이강섭,1990.09.06(36년차)
엠에스,중견기업,전남 순천시,열간 압연 및 압출 제품 제조업,162억 2천만원(2023.12.31),691억 2천만원(2023.12.31),최전호,2003.04.25(23년차)
엠에스,중소기업,서울 영등포구,콜센터·아웃소싱·기타,20억원,380억,유광열,1996.12.19(30년차)
엠에스,중소기업,서울 중구,"화물운송 중개, 대리 및 관련 서비스업","2억 7,600만원(2024.12.31)",147억 4천만원(2024.12.31),강관유,1999.10.23(27년차)
엠에스,중소기업,경기 군포시,시설관리·보안·경비,15억원,254억,엄연옥,2007.01.31(19년차)
엠에스,중소기업,경기 파주시,섬유·의류·패션,2억원,200억,박찬문,1998.09.12(28년차)
엠에스,중소기업,서울 강남구,사업시설 유지.관리 서비스업,15억원(2024.12.31),301억 7천만원(2024.12.31),박서연,2011.10.12(15년차)
글로벌정보통신,중소기업,서울 송파구,일반 통신 공사업,"2억 5,000만원(2024.12.31)",50억 2천만원(2024.12.31),양진이,2011.06.15(15년차)
글로벌정보통신,중소기업,경기 고양시,그 외 기타 특정 상품 중개업,-,-,박종희,2013.09.01(13년차)
지디,중소기업,충북 청주시,반도체·디스플레이·광학,161억 5천만원,230억,박종수,2005.06.21(21년차)
지디,벤처기업,서울 성동구,솔루션·SI·CRM·ERP,-,20억,유근운,2003.03.21(23년차)
지디,중소기업,인천 남동구,화장품 제조업,42억 5천만원(2024.12.31),497억 5천만원(2024.12.31),김태성/김현준,2011.09.01(15년차)
지디,중소기업,대전 유성구,응용 소프트웨어 개발 및 공급업,"2억 9,838만원(2024.12.31)",153억 3천만원(2024.12.31),권준홍,2009.12.23(17년차)
지디,중소기업,광주 광산구,제약·보건·바이오,4억원,3만원,이상헌,2002.09.23(24년차)
지디,중소기업,서울 서초구,일반 통신 공사업,5억원(2023.12.31),26억 5천만원(2023.12.31),김두수,2011.06.01(15년차)
지디,중소기업,경기 수원시,간이음식 포장 판매 전문점,2억원(2023.12.31),22억 6천만원(2023.12.31),이재경,2021.12.06(5년차)
지디,중소기업,경기 시흥시,그 외 기타 의료용 기기 제조업,"4억 9,000만원(2024.12.31)",51억 3천만원(2024.12.31),김기원,2001.03.06(25년차)
지디,중소기업,부산광역시 사하구,유압기기 제조업,1억원(2024.12.31),62억 1천만원(2024.12.31),김수진,2016.01.12(10년차)
지디,중소기업,서울 강남구,응용 소프트웨어 개발 및 공급업,10억 5천만원,65억 5천만,황수선,2020.09.01(6년차)
인우이엔씨,중소기업,경기 평택시,건물 건설업,6억원(2024.12.31),54억 5천만원(2024.12.31),장영준,2016.04.22(10년차)
인우이엔씨,중소기업,서울 관악구,소방시설 공사업,"2억 5,000만원(2023.12.31)",52억 3천만원(2023.12.31),채윤주,2014.07.01(12년차)
초이테크,중소기업,경기 화성시,정밀기기 및 과학기기 도매업,"4억 6,000만원(2024.12.31)",47억 5천만원(2024.12.31),최기문,2013.04.01(13년차)
초이테크,중소기업,경기 파주시,"적층, 합성 및 특수표면처리 종이 제조업",-,-,최세환,2009.12.14(17년차)
가마물류,중소기업,서울 중구,"목재 포장용 상자, 드럼 및 유사용기 제조업",3억원(2024.12.31),36억 9천만원(2024.12.31),이광만,1992.01.31(34년차)
참연푸드웰,중소기업,경기 용인시,육류 포장육 및 냉동육 가공업 (가금류 제외),"5억 5,000만원(2024.12.31)",343억 6천만원(2024.12.31),김명원,2015.05.14(11년차)
한국산업경제개발원,비영리법인,대구 서구,경제 및 경영학 연구개발업,2억원(2024.12.31),19억 4천만원(2024.12.31),이상범,1996.10.11(30년차)
문영종합개발,중견기업,경기 광명시,주거용 건물 개발 및 공급업,18억원(2024.12.31),62억 1천만원(2024.12.31),박봄이/이경옥,2005.10.26(21년차)
파이퀀트,중소기업,서울특별시 용산구,응용 소프트웨어 개발 및 공급업,"3,566만원(2022.12.31)",23억 2천만원(2022.12.31),피도연,2015.07.12(11년차)
상지학원,중소기업,인천 서구,일반 교습 학원,-,-,김은경,-
이앤비정보통신,중소기업,경기 안양시,일반 통신 공사업,"4억 5,000만원(2024.12.31)",322억 5천만원(2024.12.31),김학수/변인수,2000.05.17(26년차)
이노폴리,대기업,경남 진주시,화학·에너지·환경,10억원(2024.12.31),"1,069억 6천만원(2024.12.31)",김도균,2000.06.01(26년차)
이노폴리,중소기업,경북 칠곡군,그 외 기타 플라스틱 제품 제조업,11억원(2023.12.31),30억 7천만원(2023.12.31),권창모/김상열,2011.04.01(15년차)
에이몬소프트,중소기업,서울 송파구,"컴퓨터 및 주변장치, 소프트웨어 도매업",3억원(2024.12.31),63억 3천만원(2024.12.31),이길호,2018.01.25(8년차)
스마트로지스틱,중소기업,경기 용인시,택배업,43억 8천만원(2024.12.31),"1,023억 3천만원(2024.12.31)",염동현,2002.04.04(24년차)
스마트로지스틱,중소기업,경기 남양주시,기타 부동산 개발 및 공급업,"1,000만원(2024.12.31)",-,이탁규,2020.10.30(6년차)
씨에스포넷,대기업,서울 영등포구,컴퓨터시스템 통합 자문 및 구축 서비스업,471억 9천만원(2024.12.31),"5조 4,075억원(2024.12.31)",현신균,1987.01.14(39년차)
씨에스포넷,중소기업,서울 송파구,생활화학·화장품,43억원4십만원,1486억,"김태욱,김성현",2000.02.29(26년차)
씨에스포넷,대기업 계열사·자회사,서울 금천구,네트워크·통신서비스,2억원(2024.12.31),994억 6천만원(2024.12.31),이금자,2008.09.01(18년차)
씨에스포넷,대기업,서울 강남구,콜센터 및 텔레마케팅 서비스업,,,,
씨에스포넷,외국계(외국 법인기타),경기 용인시,반도체·디스플레이·광학,12억 7천만원,2000억,YUN JASON JAEHONG(윤재홍),1997.07.01(29년차)
씨에스포넷,대기업 계열사·자회사,서울 강남구,증권·보험·카드,2억원(2024.12.31),380억,전흥태,2011.04.01(15년차)
씨에스포넷,중견기업,서울특별시 금천구,"치약, 비누 및 기타 세제 제조업",75억원(2024.12.31),314억 2천만원(2024.12.31),강성윤/김영대,1989.09.27(37년차)
씨에스포넷,중소기업,서울 영등포구,기타 일반 기계 및 장비 수리업,"4억 9,556만원(2024.12.31)",94억원2만원(2024.12.31),김범수,2006.10.02(20년차)
씨에스포넷,벤처기업,충북 청주시,솔루션·SI·CRM·ERP,-,-,김재영,2000(26년차)
씨에스포넷,중소기업,경기 용인시,기계·기계설비,-,200억,김태영,1998.09.30(28년차)
제이슨컴퍼니,중소기업,경기 화성시,광고·홍보·전시,,,김선화,2014.07.01(12년차)
제이슨컴퍼니,중소기업,경기 김포시,시설관리·보안·경비,-,-,나희수,2015(11년차)
아프로정보통신,중소기업,제주 제주시,내부 통신배선 공사업,-,-,송창륜,2011.05.11(15년차)
금광종합건설,중소기업,제주 제주시,건물 건설업,"5억 1,000만원(2023.12.31)",26억 8천만원(2023.12.31),정해남,2013.07.29(13년차)
오썸피아,중소기업,서울 강남구,솔루션·SI·CRM·ERP,10억원,20억원 미만,민문호,2015.03.11(11년차)
오썸피아,중소기업,경기 구리시,기타 교육지원 서비스업,-,-,유병걸,2015.07.09(11년차)
에이디,대기업,제주 제주시,시설관리·보안·경비,-,-,박진효,1971.01.22(55년차)
에이디,중소기업,서울 영등포구,연예·엔터테인먼트,,,이동형,2018.11.01(8년차)
에이디,중소기업,경기 수원시,반도체·디스플레이·광학,66억원,3000억원,김준석,2002.08.23(24년차)
에이디,중소기업,서울 서초구,시스템 소프트웨어 개발 및 공급업,-,-,박정호,2015.02.28(11년차)
에이디,중소기업,경기 안양시,기타 전기 변환장치 제조업,4억원(2024.12.31),421억 8백만원(2024.12.31),박래관,1999.11.16(27년차)
에이디,중소기업,서울특별시 종로구,제약·보건·바이오,17억 2천만원,131억,김택성외명김광희,2003.10.31(23년차)
에이디,중소기업,경기 파주시,생활화학·화장품,1억원,100억,안세민,2000.07.01(26년차)
에이디,중소기업,서울 강남구,잡지 및 정기간행물 발행업,1억원(2014.12.31),20억 4천만원(2014.12.31),류명하,1993.05.10(33년차)
에이디,중소기업,서울 강남구,광고·홍보·전시,"4,000만원",53억,신상현,2017.01.01(9년차)
에이디,중소기업,서울 강서구,백화점·유통·도소매,,,최 선웅,2007.10.01(19년차)
테마종합건설,중소기업,경기 고양시,건물 건설업,5억원(2024.12.31),"5억 6,665만원(2024.12.31)",박영식,2010.01.21(16년차)
성운건설,중소기업,충북 청주시,기타 토목시설물 건설업,12억원(2024.12.31),76억 5천만원(2024.12.31),정수현,2001.04.26(25년차)
성운건설,중소기업,부산 사상구,콘크리트 및 철근 공사업,3억원(2018.12.31),10억 2천만원(2018.12.31),정지은,2016.02.06(10년차)
세왕금속,중소기업,경북 영천시,금속 캔 및 기타 포장용기 제조업,56억 7천만원(2024.12.31),396억 9천만원(2024.12.31),이선찬,1985.06.01(41년차)
시대건업,중소기업,서울 강남구,"미장, 타일 및 방수 공사업",8억원(2022.12.31),90억 1천만원(2022.12.31),이봉재,1981.02.01(45년차)
강원렌탈운수,중견기업,대구 달서구,기타 사행시설 관리 및 운영업,"1,069억 7천만원(2024.12.31)","1조 4,257억원(2024.12.31)",최철규,1998.06.29(28년차)
강원렌탈운수,중소기업,강원 춘천시,기타 보험 및 연금관련 서비스업,-,-,김수래,1961(65년차)
강원렌탈운수,공공기관,강원 춘천시,지방행정 집행기관,-,-,최문순,1950.01.01(76년차)
강원렌탈운수,대기업,강원 춘천시,연료용 가스 제조 및 배관공급업,305억원(2024.12.31),"2,132억 2천만원(2024.12.31)",하형은,1984.06.01(42년차)
강원렌탈운수,중소기업,강원 춘천시,기타 인문 및 사회과학 연구개발업,986억 4백만원(2022.12.31),912억 5백만원(2022.12.31),허장현,2005.04.30(21년차)
강원렌탈운수,중소기업,강원 춘천시,지상파 방송업,160억원(2024.12.31),168억 9천만원(2024.12.31),전종률/조창진,2001.04.23(25년차)
강원렌탈운수,비영리법인,강원 춘천시,기타 부동산 개발 및 공급업,"3,854억 7천만원(2023.12.31)","1,216억 5천만원(2023.12.31)",오승재,1997.01.01(29년차)
강원렌탈운수,비영리법인,강원 원주시,경영 컨설팅업,32억 5천만원(2023.12.31),39억 7백만원(2023.12.31),권오광,2000.03.20(26년차)
강원렌탈운수,공공기관,강원 춘천시,교육 행정,-,-,민병희,1980.01.01(46년차)
강원렌탈운수,비영리법인,강원 춘천시,그 외 기타 분류 안된 사업지원 서비스업,513억 6천만원(2020.12.31),247억 4천만원(2020.12.31),서병조,2002.07.09(24년차)
비앤비,중소기업,서울 영등포구,상용 인력 공급 및 인사관리 서비스업,10억원(2024.12.31),555억 2천만원(2024.12.31),박재완,1998.08.10(28년차)
비앤비,대기업,서울 성동구,음식료·외식·프랜차이즈,10억원(2024.12.31),105억 1천만원(2024.12.31),한성구,2013.12.01(13년차)
비앤비,중견기업,서울 마포구,신용 조사 및 추심 대행업,77억원(2024.12.31),590억 7천만원(2024.12.31),오규근,2002.11.01(24년차)
비앤비,중소기업,서울 중구,광고 대행업,9억원(2022.12.31),51억 9천만원(2022.12.31),권동형,2009.05.29(17년차)
비앤비,중소기업,서울 송파구,콜센터·아웃소싱·기타,-,-,석기동,2024.12.21(2년차)
비앤비,중소기업,인천 서구,생활화학·화장품,13억 1천만원,765억,함봉춘,2011.05.06(15년차)
비앤비,중소기업,경기 이천시,건강기능식품 제조업,11억 2천만원(2024.12.31),132억 4백만원(2024.12.31),김준범,2014.01.08(12년차)
비앤비,중견기업,세종 조치원읍,위생용 종이제품 제조업,50억원(2024.12.31),"2,043억 1천만원(2024.12.31)",정창석,2005.03.22(21년차)
비앤비,중소기업,서울특별시 서초구,"섬유, 의복, 신발 및 가죽제품 중개업",16억 8천만원(2024.12.31),629억 4천만원(2024.12.31),윤인권/이효욱/조재성,1994.07.20(32년차)
비앤비,중소기업,서울 강남구,광고·홍보·전시,,,"이자영, 김민지",2016.05.23(10년차)
한국코스코,외국계(외국 투자기업),서울 강남구,물류·운송·배송,3억원,135억,윤위우,1991(35년차)
한국코스코,중소기업,서울 강남구,"화물운송 중개, 대리 및 관련 서비스업","6억 8,790만원(2024.12.31)",225억 4천만원(2024.12.31),백배군,1995.09.01(31년차)
한국코스코,중소기업,부산 영도구,기타 직물제품 제조업,8억원(2020.12.31),47억 7천만원(2020.12.31),이종식,1978.08.10(48년차)
한국코스코,중소기업,서울 강남구,"화물운송 중개, 대리 및 관련 서비스업",3억원(2023.12.31),52억 1백만원(2023.12.31),윤위우,1998.12.01(28년차)
비즈웨이,중소기업,서울 금천구,솔루션·SI·CRM·ERP,-,18억,이승환.조성연,2002(24년차)
비즈웨이,중소기업,대전 유성구,"컴퓨터 및 주변장치, 소프트웨어 도매업",500만원(2024.12.31),10억 4천만원(2024.12.31),황정현,2015.03.23(11년차)
비즈웨이,중소기업,서울 강서구,"문구용품, 회화용품, 사무용품.. 도매업",,,윤태원,2013.01.04(13년차)
비즈웨이,중소기업,부산 부산진구,생활용품·소비재·기타,-,18억,허도민,2023.01.01(3년차)
비즈웨이,중소기업,서울 강동구,전자상거래 소매업,-,-,조규성,2019.11.28(7년차)
서진건설,중소기업,광주 서구,토목시설물 건설업,21억원(2024.12.31),428억 2백만원(2024.12.31),김선희,1995.08.01(31년차)
서진건설,중소기업,경기 화성시,사무.상업용 및 공공기관용 건물 건설업,"3억 6,000만원",-,최종석,2021.01.01(5년차)
서진건설,중소기업,경기 남양주시,그 외 기타 건축 마무리 공사업,5억 500만원(2022.12.31),20억 5천만원(2022.12.31),박동수,2016.06.09(10년차)
서진건설,중소기업,전남 영광군,토목시설물 건설업,"8억 5,000만원(2023.12.31)",14억 9백만원(2023.12.31),박인규/조성관,2000.09.20(26년차)
서진건설,중소기업,인천 중구,기타 토목시설물 건설업,-,-,한규일,2020.08.12(6년차)
서진건설,중소기업,서울특별시 강남구,건물 건설업,5억원(2015.12.31),44억 8천만원(2015.12.31),윤건진,2012.02.15(14년차)
서진건설,중소기업,제주 제주시,건설·시공·토목·조경,12억원,6십억5천8백만,방기용,1992(34년차)
서진건설,중소기업,충남 천안시,조적 및 석 공사업,3억 500만원(2022.09.30),30억 5천만원(2022.09.30),임선규,2017.10.12(9년차)
서진건설,중소기업,충북 청주시,건축·설비·환경,5억원(2019.12.31),23억 2백만원(2019.12.31),전철,2014.04.25(12년차)
서진건설,중소기업,울산 울주군,주거용 건물 건설업,"7억 5,000만원(2016.12.31)","5억 3,562만원(2016.12.31)",윤아람,2008.04.14(18년차)
세양엔지니어링,중소기업,경기 김포시,그 외 기타 건축자재 도매업,4억원,15억 ~16억,박재준,2019.12.02(7년차)
우양산업개발(주)힐튼경주지점,중소기업,경북 경주시,쇼핑몰·오픈마켓·소셜커머스,-,-,조영준,-
일성전기,중소기업,경기 안산시,변압기 제조업,152억 2천만원(2024.12.31),"3,339억 9천만원(2024.12.31)",박동석/한익희,1994.03.26(32년차)
일성전기,중소기업,인천 서구,"전기회로 개폐, 보호장치 제조업",6억원(2016.12.31),58억 7천만원(2016.12.31),임승원,1996.06.26(30년차)
일성전기,중소기업,대전 대덕구,전기·전자·제어,"2억 2,000만원",40억,송상헌,2000(26년차)
일성전기,중소기업,전북 부안군,일반전기 공사업,2억원(2020.12.31),18억 2백만원(2020.12.31),김형규,2016.02.06(10년차)
일성전기,중소기업,대전 서구,일반전기 공사업,"3억 5,000만원(2024.12.31)",14억 4천만원(2024.12.31),육현심,2017.05.31(9년차)
일성전기,중소기업,광주 서구,배전반 및 전기 자동제어반 제조업,2억 500만원(2023.12.31),"6억 5,424만원(2023.12.31)",강철진,2009.07.15(17년차)
일성전기,중소기업,서울 중랑구,전기용 기계.장비 및 관련 기자재 도매업,"1억 5,000만원(2020.12.31)","5억 5,035만원(2020.12.31)",김광일,2018.04.01(8년차)
일성전기,중소기업,경남 밀양시,건축·설비·환경,-,-,이상일,-
일성전기,중소기업,서울 강동구,전지 및 케이블 도매업,"7,000만원(2014.12.31)","8억 7,082만원(2014.12.31)",김영미,2009.12.04(17년차)
월드시스템,중소기업,대전 동구,기계·기계설비,"1억 5,000만원",20억,양현열,2019.03.28(7년차)
월드시스템,중소기업,경기 시흥시,금속·재료·자재,"5,000만원",30억,김만기,1997.07.07(29년차)
월드시스템,중소기업,전라북도 전주시,건물용 기계.장비 설치 공사업,"2억 5,000만원(2022.12.31)",39억 4천만원(2022.12.31),김현철,2016.04.07(10년차)
월드시스템,중소기업,광주 서구,백화점·유통·도소매,-,-,박래호,2007.10.25(19년차)
월드시스템,중소기업,경기 남양주시,물류·운송·배송,-,-,김재광,-
월드시스템,중소기업,제주 제주시,정비·A/S·카센터,-,-,장형국,-
월드시스템,중소기업,경기 구리시,백화점·유통·도소매,-,-,이기태,2020.02.01(6년차)
코이실,공공기관,대전 동구,철도 여객 운송업,10조 9천억원(2024.12.31),"6조 5,281억원(2024.12.31)",한문희,2005.01.01(21년차)
코이실,대기업,서울 용산구,호텔·여행·항공,20억원,-,김순철,2004(22년차)
코이실,공공기관,서울 용산구,여행사업,40억원(2024.12.31),842억 8백만원(2024.12.31),권백신,2004.09.01(22년차)
코이실,공공기관,서울 영등포구,기타 음ㆍ식료품 위주 종합 소매업,120억원(2024.12.31),"3,389억 2천만원(2024.12.31)",박정현,2004.12.02(22년차)
코이실,중소기업,서울 중구,철도 여객 운송업,77억원(2024.12.31),915억 5천만원(2024.12.31),한상덕,2004.01.02(22년차)
코이실,중견기업,경기도 화성시,기타 산업용 기계 및 장비 도매업,99억 2천만원(2024.06.30),"3,356억 1천만원(2024.06.30)",김양형/브렌더글라스히긴스,1993.07.01(33년차)
코이실,중소기업,서울 강동구,"장난감 및 취미, 오락용품 도매업",1억원(2024.12.31),197억 9천만원(2024.12.31),차신희,2003.08.04(23년차)
코이실,중소기업,서울 영등포구,제약·보건·바이오,100억원,258억,조규면,2006.08.08(20년차)
코이실,중소기업,경기 화성시,전기용 기계.장비 및 관련 기자재 도매업,"1억 5,000만원(2024.12.31)",77억 3천만원(2024.12.31),전택수,2009.06.05(17년차)
코이실,중소기업,대전 유성구,시스템 소프트웨어 개발 및 공급업,,27억 9천만원(2023.12.31),정일영/최재교,2014.03.24(12년차)
엔쓰리엔,중소기업,서울 강남구,컴퓨터 및 주변 기기 수리업,291억 2천만원(2024.12.31),"7,940만원(2024.12.31)",남영삼,1999.06.21(27년차)
엔쓰리엔,중소기업,서울 서초구,디자인·CAD,-,-,옥승진,2000.08.16(26년차)
엔쓰리엔,중소기업,서울 강남구,유선 온라인 게임 소프트웨어 개발 및 공급업,"9억 9,039만원(2024.12.31)",507억 5백만원(2024.12.31),최일돈/최재헌,2017.06.05(9년차)
엔쓰리엔,중소기업,서울 강남구,인테리어·자재,"1억 5,000만원",30억,김형수,2021.08.10(5년차)
엔쓰리엔,중소기업,경기 고양시,기타 운동 및 경기용구 제조업,2억원(2024.12.31),"5억 2,845만원(2024.12.31)",한혜림,2014.09.30(12년차)
엔쓰리엔,중소기업,서울 강남구,주거용 건물 개발 및 공급업,1억원(2022.12.31),"6억 5,460만원(2022.12.31)",권순호,2011.09.15(15년차)
엔쓰리엔,중소기업,경남 거제시,음식료·외식·프랜차이즈,-,-,빙진용,-
엔쓰리엔,중소기업,대전 유성구,과실류 도매업,-,-,김동현,2012.12.04(14년차)
이너텍시스템즈,벤처기업,서울 금천구,솔루션·SI·CRM·ERP,3억원,35억,민수천,2007.04.02(19년차)
성월,중소기업,전남 무안군,건물 및 토목 엔지니어링 서비스업,"3억 5,000만원(2023.12.31)",34억 2천만원(2023.12.31),박은미,2016.05.24(10년차)
성월,중소기업,서울 마포구,디자인·CAD,2억 410만원(2023.12.31),"1,818만원(2023.12.31)",함상훈,2014.11.28(12년차)
성월,중소기업,충남 천안시,웨딩·상조·이벤트,-,-,박인옥,-
성월,중소기업,경기 화성시,일반 화물자동차 운송업,"1억 2,931만원(2018.12.31)","7억 9,477만원(2018.12.31)",정상철,-
협선공업,중소기업,경기 안양시,기계·기계설비,-,-,한경수,1981.07.01(45년차)
다성코퍼레이션,중소기업,경기 파주시,그 외 기타 상품 전문 도매업,"1,000만원(2024.12.31)",17억 9천만원(2024.12.31),이금선,2018.04.19(8년차)
유성단조,중소기업,인천 남동구,금속 단조제품 제조업,-,-,오병욱,2018.04.01(8년차)
쌍용상사,중소기업,강원 강릉시,"생활용 포장 및 위생용품, 봉투 및 유사 제품 도매업","5,687만원(2019.12.31)","6억 3,187만원(2019.12.31)",이우빈,2012.04.01(14년차)
쌍용상사,중소기업,경기 의정부시,자동차용 전용 신품 부품 판매업,"3억 4,627만원(2015.12.31)",13억 5천만원(2015.12.31),이진영,2006.12.01(20년차)
쌍용상사,중소기업,경기 포천시,자동차용 전용 신품 부품 판매업,-,-,임성백,2001.05.10(25년차)
쌍용상사,중소기업,경상남도 김해시,무역·상사,-,3억,이승용,2020.08.10(6년차)
한성엔텍,중견기업,서울 강남구,화학·에너지·환경,792억원,166억,"오태석, 박종운, 정진학",1998.09.24(28년차)
한성엔텍,중소기업,경북 구미시,산업처리공정 제어장비 제조업,"1,000만원(2023.12.31)","5억 9,864만원(2023.12.31)",상미옥,2017.12.21(9년차)
한성엔텍,중소기업,대구 북구,그 외 기타 일반목적용 기계 제조업,"5,000만원(2017.12.31)","6억 8,086만원(2017.12.31)",한성호,2015.08.28(11년차)
한성엔텍,중소기업,인천 부평구,기계·기계설비,-,-,신현순,2016.10.01(10년차)
한성엔텍,중소기업,경기 의정부시,건물용 기계.장비 설치 공사업,2억 500만원(2017.12.31),10억 7백만원(2017.12.31),김보연,2009.03.23(17년차)
한성엔텍,중소기업,인천 남동구,"목재 보존, 방부처리, 도장 및 유사 처리업","2억 5,000만원(2023.12.31)",30억 7천만원(2023.12.31),한기웅,2016.07.01(10년차)
한성엔텍,중소기업,서울 서초구,컴퓨터 및 사무용 기계.장비 임대업,"5,000만원(2023.12.31)",10억 4천만원(2023.12.31),권오문,2017.11.15(9년차)
지아이시,중소기업,경기 용인시,"화물운송 중개, 대리 및 관련 서비스업",21억원(2024.12.31),242억 1천만원(2024.12.31),김기운,2008.02.05(18년차)
지아이시,중소기업,경기 안산시,기타 토목시설물 건설업,-,-,김정태,2020.12.27(6년차)
지아이시,중소기업,경기 하남시,인테리어·자재,-,-,김경선,2018.11.22(8년차)
지아이시,중소기업,서울 강남구,부동산·중개·임대,-,1000억원,최두환,1978.01.19(48년차)
지아이시,중소기업,부산 강서구,기타 구조용 금속제품 제조업,"1억 5,000만원(2024.12.31)","8억 2,314만원(2024.12.31)",조성현,2015.10.30(11년차)
지아이시,중소기업,부산 기장군,그 외 기타 분류 안된 섬유제품 제조업,"9억 4,300만원(2022.12.31)",111억 7백만원(2022.12.31),황신행,1986.04.25(40년차)
지아이시,중소기업,서울 마포구,"도배, 실내장식 및 내장 목공사업",2억원,10억,김동환,2010.01.14(16년차)
지아이시,중소기업,서울 강남구,화장품 및 화장용품 도매업,9억원(2019.12.31),"9억 8,107만원(2019.12.31)",이병수,2009.12.21(17년차)
지아이시,중소기업,서울 강남구,남녀용 겉옷 및 셔츠 도매업,"1억 5,000만원(2016.12.31)","5억 3,645만원(2016.12.31)",강정원,2007.01.02(19년차)
지아이시,중소기업,서울 서초구,응용 소프트웨어 개발 및 공급업,1억원(2022.12.31),15억 3천만원(2022.12.31),김경준,2020.01.03(6년차)
디에스엘,중견기업,충남 공주시,유기발광 표시장치 제조업,450억원(2024.12.31),"1,335억 3천만원(2024.12.31)",정지흥/윤능용/윤기채,2010.11.02(16년차)
디에스엘,중소기업,서울 성동구,일반용 전기 조명장치 제조업,"1억 5,000만원(2014.12.31)",19억 7천만원(2014.12.31),정규영,2005.12.20(21년차)
디에스엘,중소기업,서울 영등포구,"화물 포장, 검수 및 계량 서비스업","9억 3,000만원(2023.12.31)",60억 7천만원(2023.12.31),차영주,2022.07.05(4년차)
디에스엘,중소기업,경기 화성시,반도체·디스플레이·광학,1억원,28억,김병주,2003(23년차)
디에스엘,중소기업,경기 하남시,가전제품 및 부품 도매업,"5,000만원(2023.12.31)",25억 9천만원(2023.12.31),이태희,2007.04.01(19년차)
디에스엘,중소기업,서울 마포구,통관 대리 및 관련서비스업,5억원,-,이대영,2005.12.01(21년차)
디에스엘,중소기업,경기 성남시,산업용 냉장 및 냉동 장비 제조업,1억원(2019.12.31),"4억 6,790만원(2019.12.31)",장기봉,2017.07.12(9년차)
디에스엘,중소기업,충남 천안시,물류·운송·배송,,,김태선,2014.07.17(12년차)
디에스엘,중소기업,서울 서초구,기타 엔지니어링 서비스업,"5,000만원(2019.12.31)","9억 5,545만원(2019.12.31)",정미,2002.05.15(24년차)
화성개발,중견기업,대구 북구,건설·시공·토목·조경,68억 1천만원(2024.12.31),1084억7천만원,도훈찬,1989.06.24(37년차)
화성개발,중소기업,전북 완주군,아파트 건설업,"9억 5,000만원(2019.12.31)","6억 5,582만원(2019.12.31)",한시석,2005.03.24(21년차)
화성개발,중소기업,경기 포천시,"금속 문, 창, 셔터 및 관련제품 제조업",18억 7천만원(2023.12.31),52억 8천만원(2023.12.31),이강희,2014.01.06(12년차)
이테크시스템,중견기업,서울 중구,컴퓨터시스템 통합 자문 및 구축 서비스업,66억 5천만원(2024.12.31),"3,078억 4천만원(2024.12.31)",김군도,2009.11.01(17년차)
이테크시스템,중견기업,서울 중구,컴퓨터시스템 통합 자문 및 구축 서비스업,43억 4백만원(2024.12.31),"6,304억 2천만원(2024.12.31)",김범수/이호준/정인욱,1993.06.01(33년차)
이테크시스템,중소기업,경기 오산시,전기·전자·제어,"7억 5,000만원",10억,이정원,1998.05.13(28년차)
이테크시스템,중견기업,서울 종로구,"컴퓨터 및 주변장치, 소프트웨어 도매업",23억 9천만원(2024.12.31),"3,836억 4천만원(2024.12.31)",정인성,2000.08.22(26년차)
티아모,중소기업,서울 영등포구,비주거용 건물 개발 및 공급업,5억원(2024.12.31),63억원6만원(2024.12.31),전희만,2011.08.31(15년차)
티아모,중소기업,서울 강남구,컨설팅·연구·조사,7억원,5억,김민호,2006.11.20(20년차)
티아모,중소기업,서울 영등포구,부동산·중개·임대,-,-,김은정,2019.11.22(7년차)
베제사이데알,중소기업,경기 고양시,화장품 및 화장용품 도매업,"1,000만원(2019.12.31)","9,883만원(2019.12.31)",고경록,2019.01.02(7년차)
선봉인더스트리,중소기업,서울 광진구,구두류 제조업,"5,000만원(2024.12.31)",30억 9천만원(2024.12.31),박상용,2016.11.24(10년차)
초록뱀미디어,중소기업,서울 강남구,방송 프로그램 제작업,"1,222억 6천만원(2024.12.31)",623억 9백만원(2024.12.31),김동준/윤동현,1998.05.26(28년차)
천하자동차,중소기업,서울 영등포구,자동차 신품 판매업,15억 6천만원(2024.12.31),"1,118억 6천만원(2024.12.31)",윤인경,2013.12.01(13년차)
천하자동차,중소기업,서울특별시 동대문구,자동차·조선·철강·항공,-,450억원,윤인경,2001.02.08(25년차)
천하자동차,중소기업,경기 의정부시,정비·A/S·카센터,-,-,윤인경,-
천하자동차,중소기업,경기 구리시,자동차·조선·철강·항공,-,-,윤인경,-
아트포름,중소기업,경기 성남시,디자인·CAD,"3억 2,000만원",34억7천만,박준성,2006.05.15(20년차)
부건건설,중소기업,서울 강동구,배관 및 냉ㆍ난방 공사업,5억원(2016.12.31),7억 865만원(2016.12.31),김명일,2009.10.21(17년차)
부건건설,중소기업,경기 용인시,건설·시공·토목·조경,6억원,120억,구순환,2002(24년차)
부건건설,중소기업,제주 서귀포시,기타 토목시설물 건설업,17억 5천만원(2024.12.31),92억 5천만원(2024.12.31),김용덕/김철우,1994.12.10(32년차)
부건건설,중소기업,서울 강남구,건설·시공·토목·조경,-,-,조만석,-
부건건설,중소기업,제주 제주시,아파트 건설업,24억 8백만원(2020.12.31),57억 3천만원(2020.12.31),김용덕/김철우,2000.08.01(26년차)
2018평창기념재단,비영리법인,강원 평창군,비주거용 건물 임대업,-,"8억 2,908만원(2023.12.31)",유승민,2019.04.01(7년차)
디오슨,중소기업,경기 화성시,원목 및 건축관련 목제품 도매업,1억원(2023.12.31),62억 6천만원(2023.12.31),손석태,2016.05.17(10년차)
지에스에프,중소기업,광주 광산구,생활용품·소비재·기타,-,-,장형광,2016.10.12(10년차)
지에스에프,중소기업,경기 성남시,음식료·외식·프랜차이즈,-,-,김동진,2006.11.23(20년차)
지에스에프,중소기업,경북 경산시,생활용품·소비재·기타,-,-,장형광,2017.02.17(9년차)
지에스에프,중소기업,경기 김포시,기기용 자동측정 및 제어장치 제조업,"2억 5,000만원(2024.12.31)",133억 5천만원(2024.12.31),김태홍,1997.07.01(29년차)
지에스에프,중소기업,경기 고양시,무역·상사,-,-,이인규,2013.01.01(13년차)
한경글로벌뉴스네트워크,중소기업,서울 중구,신문 발행업,70억원(2023.12.31),18억 9천만원(2023.12.31),유병연,2020.06.19(6년차)
금우사,중소기업,서울 마포구,그 외 기타 여신금융업,4억원(2021.12.31),206억 9천만원(2021.12.31),김영호,1993.12.20(33년차)
나래테크,중소기업,서울 양천구,절연 코드세트 및 기타 도체 제조업,"5,000만원(2024.12.31)",28억 2천만원(2024.12.31),이재기,2015.08.03(11년차)
나래테크,중소기업,대구 서구,내부 통신배선 공사업,6억 500만원(2024.12.31),22억 9천만원(2024.12.31),이석구,2003.01.05(23년차)
나래테크,중소기업,경기 시흥시,인테리어·자재,-,-,최정국,2001.03.24(25년차)
나래테크,중소기업,인천 계양구,기타 반도체소자 제조업,-,-,김기수,-
에이치아이이엔지,중소기업,경기 안산시,유선 통신장비 제조업,1억원(2021.12.31),51억 6천만원(2021.12.31),유영화,2014.01.14(12년차)
진일엔지니어링,중소기업,경북 경주시,건설·시공·토목·조경,"5,000만원",-,권오철,2016.10.01(10년차)
진일엔지니어링,중소기업,경남 진주시,건축·설비·환경,-,-,임종수,-
